0.09,0.19,0.98,0,0.78,0.78,0.49,0,0.78,0.19,0.29,0.68,0.29,0,1.57,0.09,0,1.08,1.28,0.19,0.68,0,0.59,0.09,0.09,0.09,0,0,0,0,0,0,0,0,0,0,0,0,0,0,0,0,0.19,0,0.09,0.09,0,0,0,0.102,0,0.393,0.145,0.014,8.323,669,1415
0,0.53,0,0,0,0.53,0.53,0,0,0,0,0,0,0,0,0,0,1.6,2.67,0,1.6,0,0,0,0,0,0,0,0,0,0,0,0,0,0,0,0,0,0,0,0,0,0,0,0,0,0,0,0,0.255,0,0,0,0,2.131,12,81
0,0,0,0,0,0,0,1.04,0,0,0.52,1.04,0.52,0,0,1.04,0,0,3.66,1.04,1.04,0,1.57,0.52,0,0,0,0,0,0,0,0,0,0,0,0,0,0,0,0,0,0,0,0,0,0,0,0,0,0,0,0.539,0.269,0,5.787,47,272
0,0.3,0.61,0,0.3,0,0.15,0,0,0.45,0.15,0,0.15,0,0.15,0.15,0,0.76,0.15,0.15,0.76,0,0,0,0,0,0,0,0,0,0,0,0,0,0,0,0,0,0,0.15,0,0,0,0,0,0,0,0,0,0,0,0.567,0.024,0.049,5.425,132,944
0.27,0.27,0.27,0,0,0,0,0.54,0,0.27,0,0.27,0,0,0,1.08,0,0.27,1.08,0,0.27,0,0.27,0.54,0,0,0,0,0,0,0,0,0,0,0,0,0,0,0,0,0,0,0,0,0,0,0,0,0,0.225,0,0.451,0.496,0,2.934,64,578
0.47,0.95,0.95,0,0.47,0,0,0.47,0,1.91,0,2.39,0,0.95,0,0.47,0,0,1.91,0,5.26,0,0,0,0,0,0,0,0,0,0,0,0,0,0,0,0,0,0,0,0,0,0,0,0,0,0,0,0,0.252,0,1.683,0.168,0.084,57.23,636,744
0,0,0,0,0,0,0,0,0,3.7,0,0,0,0,0,0,0,0,3.7,0,7.4,0,0,0,0,0,0,0,3.7,0,0,0,0,0,0,0,0,0,0,0,0,0,0,0,0,0,0,0,0,0,0,0,0,0,2,4,8
0.32,0,1.64,0,0.98,0,0.32,0,0.65,1.31,0,0,0,0,0,0,0,0,0.32,0.98,0.65,0,0,0,0.32,0,0,0,0,0,0,0,0,0,0,0,0,0,0,0,0,0,0,0,0,0,0,0,0,0,0,0.858,0.101,0,337.25,1146,1349
0.12,0,0.12,0,0.12,0.12,0,0,1.08,0,0,0.36,0,0,0,0,0,0,0.48,0,0.24,0,0,0,0.6,0.72,0.12,0,0,0,0,0,0.36,0,0,0,0.12,0,0,0,0,0,0,0,0,0,0,0,0.117,0.151,0.033,0,0.033,0,4.134,78,645
0,0,2.77,0,0,0,0,0,0,0,0,0,0,0,0,0,0,0,8.33,0,0,0,0,0,0,0,0,0,0,0,0,0,0,0,0,0,0,0,0,0,0,0,0,0,0,0,0,0,0,0,0,0,0,0,1.214,4,17
1.03,0,0.68,0,1.03,0,0.68,0,0,0.68,0,0.68,0,0,0.34,0.68,0,0,5.86,0,1.37,0,0.34,0.34,0,0,0,0,0,0,0,0,0,0,0,0,0,0,0,0,0,0,0,0,0.34,0,0,0,0,0,0,0.503,0.062,0,1.82,12,91
0,0,0.16,0.16,0.32,0,0.16,0,0.65,0.16,0.16,0,0,0,0,2.13,0,0.65,0.98,0,0,0,0,0,0.49,0,0,0,0,0,0,0,0,0,0,0.16,0.32,0,0,0.16,0,0,0,0,0,0,0,0,0,0.089,0,0.693,0.67,0,4.835,52,1030
0.09,0.49,0.59,0,0.39,0.19,0,0,0.09,0.39,0,1.57,0.19,0,0,0,0.09,0,3.74,0.09,1.08,0,0,0.09,0,0,0,0,0,0,0,0,0,0,0,0,0,0,0,0,0,0,0,0,0,0,0,0,0.765,0.037,0,5.828,1.308,0,6.047,54,768
0,0,0,0,0,0,0,0,0,0,0,1.38,0,0,0,0,0,0,1.38,0,1.38,0,0,0,1.38,1.38,2.77,0,0,0,0,0,0,0,0,0,1.38,0,1.38,0,0,0,1.38,0,0,0,0,0,0,0,0.224,0.448,0,0,1.451,12,45
0.13,0,0.13,0,0.13,0,0,0,1.18,0,0,0.52,0,0,0,0,0,0,0.52,0,0.26,0,0,0,0.65,0.79,0.13,0,0,0,0,0,0.52,0,0,0,0,0,0,0,0,0,0,0,0,0,0,0,0.128,0.164,0.036,0,0.036,0,3.185,32,481
0,0,0.38,0,0.19,0.29,0,0,0,0,0,0,0.87,0,0,0.09,0,0,0.19,0,0.09,0,0,0,0,0,0,0,0,0,0,0,0,0,0,0,0,0,0,0.09,0,0,0,0,0,0.09,0,0,0,0,0,0,0,0,1.508,47,187
0,0,0,0,0,0,0,0,0,0,0,0,0,0,0,0,0,0,3.33,0,0,0,0,0,0,0,0,0,0,0,0,0,0,0,0,0,0,0,0,0,0,0,0,0,0,0,0,0,0,0,0,0,0,0,1.375,4,11
0,0,0,0,0,0,0,0,0,0,0,0,0,0,0,0,0,0,0,0,0,0,0,0,0,0,0,0,0,0,0,0,0,0,0,0,0,0,0,0,0,0,0,3.63,0,0,0,0,0,0.24,0,0,0,0,2,7,48
0,0,0,0,0,0,0,0,0,0,0,0,0,0,0,0,0,0,0,0,0,0,0,0,0,0,0.72,0,0.72,0,0,0,0.72,0,0,0,0,0,0,0,0,0,0,0,0,0,0,0,0,1.047,0,0,0,0.13,3.475,7,139
0.12,0,0.25,0,0,0,0,0.38,1.28,0,0,0.38,0,0,0,0,0,0,0.51,0,0.25,0,0,0,0.64,0.76,0.12,0,0,0,0,0,0.51,0,0,0,0,0,0,0,0,0,0,0,0,0,0,0,0.054,0.162,0.036,0,0.036,0,3.167,32,491
0,0,0,0,0,0,0,0,0,0,0.71,0,0,0,0,0.71,0,0,5,0,0,0,0,0,0,0,1.42,0,0,0,0,0,0,0,0,0,0.71,0,0,0,0,0.71,0,0,0.71,0,0,0,0,0.121,0,0,0,0,1.387,5,43
0.31,0,0.31,0,0,0,0,0,0,0,0,0,0.31,0,0,0,0,0,1.24,0,0,0,0,0,0,0,0,0,0.31,0,0,0,0,0,0,0,0.31,0,0,0,0.31,0,0.31,0,0.31,0.31,0,0,0,0,0.051,0,0,0,1.409,12,62
0.19,0,0.39,0,1.24,0.13,0,0.06,0.32,0,0,0.45,0.26,0,0,0,0.13,0,1.24,0,0.39,0,0.06,0,1.04,0,0,0,0,0,0,0,0,0,0,0.06,0,0,0,0,0,0,0,0,0.39,0,0,0,0,0.03,0,0,0.03,0,1.571,42,297
0,0,0,0,1.51,0,0,0,0,0,0,3.03,0,0,0,0,0,0,1.51,0,0,0,0,0,0,0,0,0,0,0,0,0,0,0,0,0,0,0,0,0,0,0,0,1.51,0,0,0,0,0,0.547,0,0,0,0,1.75,5,28
0,0,0,0,0,0,0,0,0,0,0,0,0,0,0,0,0,0,4.34,0,0,0,0,0,0,0,0,0,0,0,0,0,0,0,0,0,0,0,0,0,0,0,0,0,0,0,0,0,0,0,0,0.787,0,0,1.875,7,15
0,0,0,0,0,0,0,0,0,0,0,2.77,0,0,0,0,0,0,0,0,0,0,0,0,0,0,0,0,0.92,0,0,0,0,0,0,0,0.92,0,0,0,0,0.92,0,0,0,0,0,0,0,0.165,0,0.165,0,0,1.666,7,45
0.46,0,0.46,0,0,0,0,0.46,0,0,0,1.38,0,0,2.31,0,0.46,0.46,2.77,0,2.31,0,1.38,0,0,0,0,0,0,0,0,0,0,0,0,0,0,0,0,0.46,0,0,0,0,0,0,0,0,0,0.49,0,0.081,0.816,0,3.4,12,102
0,0,0.61,0,0,0,0,0,0,0,0,1.84,0,0,0,0,0,0,0,0,0,0,0,0,0,0.61,0,0,0,0,0,0,0,0,0,0,0,0,0,0,0,0,0,0,0,0,0.61,0,0.079,0.158,0,0,0,0,2.508,17,143
0.05,0,0.1,0,0,0.1,0,0.05,0.49,0,0,0.27,0,0,0,0,0.38,0,0.21,0,0.1,0,0,0,0.49,0.54,0.05,0,0,0,0,0,0.38,0,0,0.38,0.21,0,0,0,0,0,0,0,0,0,0,0,0.308,0.136,0.078,0,0.014,0,3.715,107,1386
0,0,0,0,0,0,0.57,0,0,0.57,0,1.15,0.57,0,0,0,0,0.57,4.62,0,1.15,0,0,0.57,0,0,0,0,0,0,0,0,0,0,0,0,0,0,0,0,0,0,0,0,0,0,0,0,0,0,0,0.518,0,0,10.117,33,172
0,0.08,0.17,0,0,0.08,0,0.34,0,0.17,0.08,0.34,0,0,0,0,0.87,0,0.26,0,0,0,0,0,2.79,0.69,0,0.08,0,0,0,0,2.35,0,0,0.26,0.78,0,0.17,0,0,0,0,0,0,0,0,0,0.133,0.306,0.053,0,0.013,0,3.205,57,904
0,0,0,0,0,0,0,0,0,1.49,0,1.49,0,0,0,0,0,0,7.46,0,1.49,0,0,0,0,0,0,0,0,0,0,0,0,0,0,0,0,0,0,0,0,0,0,0,0,0,0,0,0,0,0,0,0,0,2.692,15,35
0,0.22,0,0,0.22,0,0,0.22,0,0.45,0,0.22,0,1.59,0,0,0.22,0,1.36,0,0,0,0,0,0.68,0,0.22,0,0,0,0.22,0,0,0,0.22,0,0.45,0,0,0,0,0,0,0,0,0,0,0,0,0.053,0,0,0,0,4.964,152,705
0,0,0,0,0,0,0,0,0,0,0,0,0,0,0,0,0,0,0,0,0,0,0,0,0,0,0,0,0,0,0,0,0,0,0,0,0,0,0,0,0,0,0,0,0,0,0,0,0,0,0,0,0,0,1,1,3
0,0,0.48,0,1.46,0,0.48,0,0,0,0,0.97,0,0,0,0.48,0.97,0,2.43,0,2.43,0,0.48,0,0,0,0,0,0,0,0,0,0,0,0,0,0,0,0,0,0,0,0,0,0.48,0,0,0,0,0.081,0,0.488,0.244,0,5.431,78,239
0,0,0,0,0,0,0,0,0,0,0,0,0,0,0,0,0,0,0,0,0,0,0,0,0,0,0,0,0,0,0,0,0,0,0,0,3.57,0,0,0,0,0,0,0,3.57,3.57,0,0,0,0.564,0,0,0,0,1.454,5,16
0,0,2.04,0,0,0,0,0,0,0,0,0,0,0,0,0,0,2.04,0,0,0,0,0,0,4.08,2.04,0,2.04,0,2.04,2.04,0,0,0,2.04,2.04,0,0,0,0,0,0,0,0,0,0,0,0,0,0.189,0,0,0,0,1.681,10,37
0.36,0,0.73,0,0,0,0,0,0,0.73,0,0.73,0,0,0,0,0,0,3.3,0,0,0,0,0,0.73,1.1,0,0.73,0.36,0.36,0,0,0,0,0.36,0.73,0,0,0,0,0,0,0,0,0,0,0,0,0,0.231,0,0,0,0,2.482,16,144
0,0,0,0,0,0,0,0,0,1.01,0,0,0,0,0,0,0,0,0,0,0,0,0,0,0,0,1.01,0,0,0,0,0,1.01,0,0,0,0,0,0,0,0,0,0,0,0,0,0,0,0,0,0.312,0,0,0,4.03,28,133
0,0,0,0,0,0,0,0,0,0,0,0,0,0,0,0,0,0,0,0,0,0,0,0,0,0,8.33,0,0,0,0,0,0,0,0,0,0,0,0,0,0,0,0,0,0,0,0,8.33,0,0,0,0,0,0,1.5,3,12
0.84,0.84,0,0,0,0,1.69,0,0.84,0.84,0,0.84,0,0,0,10.16,0.84,0,0.84,0,2.54,0,0,0.84,0,0,0,0,0,0,0,0,0,0,0,0,0,0,0,0,0,0,0,0,0,0,0,0,0,0,0,1.113,0.278,0.092,173,418,519
0,0,0,0,0,0,0,0,0.83,1.66,0,0,0,0,0,0,0,0,0.83,0,2.5,0,0,0,0,0,0,0,0,0,0,0,0,0,0,0,0,0,0,4.16,0,0,0,0,0,0,0,0,0,0.118,0,0,0,0,1.475,11,59
0,0,0,0,0,0,0,0,0,0,0,0,0,0,0,0,0,0,0,0,0,0,0,0,0,0,0,0,0,0,0,0,0,0,0,0,0,0,0,0,0,0,0,0,0,0,0,0,0,0,0,0,0,0,1,1,4
0,0,0,0,0,0,0,0,0,0,0,0,0,0,0,0,0,0,0,0,0,0,0,0,0,0,20,0,0,0,0,0,0,0,0,0,0,0,0,0,0,0,0,0,0,0,0,0,0,0,0,0,0,0,1,1,5
0,0,0.27,0,0,0.27,0,0,0,0,0,0.27,1.39,0,0,0.27,0,0.27,2.79,0,0.55,0,0,0,0,0,0,0,0,0,0,0,0,0,0,0,0,0,0,0,0,0,0,0,0.27,0.27,0,0,0.051,0,0,0,0,0,1.195,6,55
0,0,0,0,0,0,0,0,0,0,0,0,0,0,0,0,0,0,0,0,0,0,0,0,0,0,20,0,0,0,0,0,0,0,0,0,0,0,0,0,0,0,0,0,0,0,0,0,0,0,0,0,0,0,1,1,5
0.37,0.18,0.18,0,0.37,0,0,0.18,0,0.18,0,0.55,0,0,0,0,0,0,0.92,0,0,0,0,0,0,0,0.55,0,0,0,0,0,0,0,0,0,0.55,0,0.18,0,0,0.37,0,0,0.74,1.48,0,0,0.116,0.29,0.029,0.029,0.029,0,3.455,24,387
0,0,0,0,0,0,0,0,0,0,0,0.5,1.01,0,0,0.5,0,0.5,2.53,0,0.5,0,0,0,0,0,0,0,0,0,0,0,0,0,0,0,0,0,0,0,0,0.5,0,0,0.5,0.5,0,0,0,0.087,0,0,0.087,0,1.225,3,38
0,0,0,0,0,0,0,0,0,0,0,0,1.38,0,0,0,0,0,0,0,1.38,0,0,0,0,0,0,0,0,0,0,0,0,0,0,0,0,0,0,0,0,0,0,0,0,0,0,0,0,0,0,0.486,0,0,2.681,11,59
0,0,0,0,0,0,0,0,0,0,0,0,0,0,0,0,0,0,0,0,0,0,0,0,0,0,0,0,0,0,0,0,0,0,0,0,0,0,0,0,0,0,0,0,0,0,0,0,0,0,0,0,0,0,2.285,7,32
0.07,0.64,0.64,0,0.35,0.71,0.57,0.14,1.14,0.5,0.07,0.35,0.21,0,1,0.14,0.07,1.14,1.5,0,1.14,0,0.35,0.21,0,0,0,0,0,0,0,0,0,0,0,0,0,0,0,0.07,0,0,0,0,0,0.07,0,0,0,0.08,0,0.309,0.103,0,4.923,117,1295
0,0,0,0,0.34,0,0,0,0,0,0,0.34,0,0,0,0,0,0,0,0,0,0,0,0,0,0,0,0,0.34,0,0,0,3.06,0,0,0,0.34,0,0,0,0.34,0,0,0,0,0,0,0.34,0.088,0.132,0,0,0,0,1.25,7,85
0,0,1.19,0,0,0,0,0,0,0,0,0,0,0,0,0,0,0.59,3.57,0,1.19,0,0,0,0,0,0,0,0,0,0,0,0,0,0,0,0,0,0,0,0,0,0,0,0,0.59,0,0,0,0,0,0,0,0,1,1,24
0,0,0.31,0,0.63,0.63,0.31,0.31,0,0,0,0.31,0.31,0,0,0.31,0.31,0,2.55,0,3.19,0,0,0.31,0,0,0,0,0,0,0,0,0,0,0,0,0,0,0,0,0,0,0,0,0.31,0,0,0,0,0.108,0,0,0.163,0.054,1.515,10,144
0,0,0,0,0,0,0,0,0,0.91,0,0,0,0,0,0,0,0,1.83,0,0,0,0,0,1.83,0.91,2.75,0.91,0.91,0.91,0.91,0.91,0,0.91,0.91,0.91,0.91,0,0.91,0.91,0,0,0.91,0,0.91,0,0,0,0,0.46,0,0,0,0,1.918,13,71
0,0,0.91,0,0,0.45,0,0,0,0,0,0.45,0,0,0,0,0,0.45,2.28,0,1.36,0,0,0,0.45,0,0,0,0,0,0,0,0,0,0,0,0,0,0,0,0,0,0,0,0,0,0,0,0,0.416,0,0.486,0,0,3.782,31,87
0,0.16,0.32,0,0.16,0.16,0,0,0,0,0,0,0,0,0,0,0,0,0,0,0,0,0,0,0.97,1.13,0,0,0,0,0,0,0.8,0,0,0,1.29,0,0,0,0.32,0,0,0,0,1.61,0,0,0.184,0.394,0.131,0,0,0,3.666,20,506
0.09,0,0.27,0,0.36,0.09,0,0.18,0.09,0,0,0.73,0,0.36,0,0,0,0,2.01,0,3.38,0,0.36,0.09,0,0,0,0,0,0,0,0,0,0,0,0,0,0,0,0,0,0,0,0,0.27,0,0,0,0.015,0.046,0.031,0.249,0.031,0.031,3.689,69,535
0.4,0.14,0.32,0,0.25,0.18,0.03,1.01,0.4,0.4,0.1,0.72,0.65,0.36,0.25,0.54,0.36,0.32,3.05,0.14,1.45,0,0.29,0.76,0,0,0,0,0,0,0,0,0,0,0,0,0,0,0,0.03,0,0,0,0,0.07,0,0,0,0.012,0.042,0.073,0.343,0.141,0,3.328,181,1621
0.26,0.08,0.26,0,0.53,0.08,0.08,0.08,0.97,0.62,0.08,1.15,0.08,0.7,0.17,0.35,0.08,0,4.16,0.26,2.21,0,0.17,1.5,0,0,0,0,0,0,0,0,0,0,0.08,0,0,0.08,0,0,0,0,0,0,0,0,0,0,0,0.044,0,0.339,0.162,0.014,4.137,74,753
0,0,0.15,0,0.31,0,0.15,0,0.63,0.15,0.15,0,0,0,0,1.11,0,1.27,0.79,0,0,0,0,0,0.95,0,0,0,0,0,0,0,0,0,0,0,0.31,0,0,0.15,0,0,0,0,0,0,0,0,0,0.088,0,0.862,0.707,0.022,5.423,51,1128
0,0,0,0,0,0,1.02,0,0,0,0,2.04,0,0,0,2.04,0,2.04,3.06,0,1.02,0,0,0,0,0,0,0,0,0,0,0,0,0,0,0,0,0,0,0,0,0,0,0,0,0,0,0,0,0.17,0,0,0.17,0,1.47,4,25
0,0,0,0,0,0,0,0,0,0,0,0.51,0,0,0,0,0,0,1.03,0,0.51,0,0,0,1.54,1.03,1.54,1.03,0.51,0.51,0.51,0.51,0,0.51,1.03,0.51,0,0,0,0.51,0,0,0,0,0.51,0,0,0,0,0.24,0,0,0,0.48,2.6,40,130
0.64,0,0.64,0,1.93,0,0,0,0,0,0,1.29,0,0,0,1.29,0.64,0,1.93,0,2.58,0,0.64,0,0,0,0,0,0,0,0,0,0,0,0,0,0,0,0,0,0,0,0,0,0,0,0,0,0,0,0,0.462,0.37,0,2.44,22,122
0,0,0,0,0,0,0,0,0,0,0,0,0,0,0,0,0,0,0,0,0,0,0,0,0,0,20,0,0,0,0,0,0,0,0,0,0,0,0,0,0,0,0,0,0,0,0,0,0,0,0,0,0,0,1,1,5
0,0,0,0,0,0,0,0,0,0,0,0,0,0,0,0,0,0,0,0,0,0,0,0,2.22,0,0,4.44,2.22,0,0,0,0,0,4.44,0,0,0,0,0,0,2.22,0,0,0,0,0,0,0,0,0,0,0,0,3.578,20,68
0,0,0,0,0,0,0,0,0,0,0,0,0,0,0,0,0,0,2.63,0,0,0,0,0,0,0,0,0,0,0,0,0,0,0,2.63,0,0,0,0,0,0,2.63,0,0,0,0,0,0,0,0,0,0.414,0,0,2.705,13,46
0.35,0.08,0.35,0,0.35,0,0,0.52,0.61,1.76,0.17,0.26,0.79,0,0.26,0,0.7,0.35,2.64,0,2.03,0,0.61,0.7,0,0,0,0,0,0,0,0,0,0,0,0.08,0,0,0.08,0.17,0,0,0,0,0.17,0,0,0,0,0.081,0,0.556,0.069,0.011,19.234,1170,3116
0,1.61,3.22,0,0,0,0,0,0,0,0,1.61,0,0,0,0,0,3.22,3.22,0,0,0,0,0,0,0,1.61,0,0,0,0,0,0,0,0,0,0,0,0,0,0,0,0,0,1.61,1.61,0,0,0,0,0,0,0,0,1.083,2,13
0,0.37,0,0,0,0,0,0,0,0,0,0,0.37,0,0,0,0,0,1.51,0,0,0,0,0,5.68,4.16,0,0,0,0,0,0,0,0,0,0,0,0,0,0,0,0,0,0,0,0,0,0,0.065,0.261,0,0,0,0,1.114,5,39
0,0,0,0,1.28,0,1.28,0,0,0,0,0,0,0,0,0.64,0,1.28,1.28,0,0.64,0,0,0,0,0,0,0,0,0,0,0,0,0,0,0,0,0,0,0,0,0,0,0,0,0,0,0,0,0,0,0.085,0.17,0,2.466,18,111
0,0,0,0,0,0,0,0,0,0,0,0,0,0,0,0,0,0,0,0,0,0,0,0,0,0,4.54,0,0,0,0,0,0,0,0,0,0,0,0,0,0,0,0,0,0,0,0,0,0,0,0,0,0,0,1.545,6,17
0,0,0,0,0,0,0,0,0,0,0,0,0,0,0,0,0,0,0,0,0,0,0,0,0,0,0,0,0,0,0,0,0,0,0,0,0,0,0,0,0,0,0,0,0,0,0,0,0,0.17,0,0,0,0,2.094,26,111
0,0,0,0,0,0,0,0,0,0,0,0,0,0,0,0,0,0,1.69,0,0,0,0,1.69,0,0,0,0,0,0,0,0,0,0,0,0,0,0,0,0,0,1.69,0,0,1.69,0,0,0,0,0,0,0,0,0,1.071,2,15
0,0,0.53,0,0.53,0,0,0.53,0,0,0,1.06,0,0,2.12,0,0.53,0.53,2.65,0,2.65,0,1.59,0,0,0,0,0,0,0,0,0,0,0,0,0,0,0,0.53,0.53,0,0,0,0,0,0,0,0,0,0.191,0,0.095,0.478,0,5.038,60,131
0,0,0.55,0,1.11,0,0,0,0,0,0,0,0.92,0,0.18,0,0.37,0.37,3.14,0,0.92,0,0,0,0,0,0,0,0,0,0,0,0,0,0,0,0,0,0,0,0,0,0,0,0,0,0,0,0,0.186,0,0.434,0,0,1.377,4,73
0,0,0,0,0,0,0,0,0,0,0,0,0,1.56,0,0,0,0,1.56,6.25,1.56,0,0,0,0,0,0,0,0,0,0,0,0,0,0,0,0,1.56,0,0,0,0,0,0,0,0,0,0,0,0,0,0.754,0.188,0,5.551,119,161
0,0,0,0,0,0,0,0,0,1.4,0,0,0,0,0,0,0,0,0,0,0,0,0,0,0,0,1.4,0,0,0,0,0,1.4,0,0,0,0,0,0,0,0,0,0,0,0,0,0,0,0,0.22,0.22,0,0,0,3.875,28,93
0,0,0,0,0,0,0,0,0,0,0,0,0,0,0,0,0,0,4,0,0,0,0,0,0,0,0,0,0,0,0,0,0,0,0,0,0,0,0,0,0,0,0,0,0,0,0,0,0,0,0,0.729,0,0,1.875,4,15
0,2.07,0,0,0,0,0,0,1.55,0,0,0.51,0,0,0,0,0,0,1.03,0,0,0,0,0,0.51,0,2.59,0,0,0,0,0,0,0,0,0,0,0,0,0,0,0,0,0,0,0,0,0,0,0.07,0,0,0.141,0.211,25.812,104,413
0,0,0,0,0,0,0,0,0,0,0,0,0,0,0,0,0,0,2.56,0,0,0,0,0,0,0,0,0,0,0,0,0,0,0,0,0,0,0,0,0,0,0,0,0,0,5.12,0,0,0,0,0,0.248,0,0,1.1,2,11
0,0,0.87,0.87,0.87,0.43,0,0,0,0,0,0,0,0,0,0,0,0.43,0.43,0,0,0,0,0,1.74,1.74,0,1.74,0,0,0,0,0,0,0.43,0,1.31,0,0.43,0,0,0,0.43,0,0.43,0,0,0,0,0.298,0.059,0.059,0,0,2.554,15,212
0,0,0,0,0.31,0,0.31,0,0.31,0,0.31,0.31,0,0,0,0,0,0.31,0.63,0,0.63,0,0,0,0,0,0.95,0,0,0,0,0.31,0,0.63,0,0,0.31,0,0,0,0,0,0,0,0.63,0,0,0,0,0.255,0.102,0,0,0.255,3.547,46,259
0.84,0,0,0,0,0,0,0,0,0,0,0.84,0,0,0,0,0,0,0.42,0,0,0,0,0,0,0,0,0,0,0,0,0,0,0,0,0,0,0,0,0,0,0,0,0.84,0,0,0,0,0.082,0.414,0,0,0,0,3.34,7,167
0,0,0,0,0,0.79,0,0,0,0,0,0,0,0,0,0,0,0,2.38,0,0,0,0,0,0,0,0,0,0,0,0,0,0,0,0,0,0,0,0,0,0,0,0,0,0,0,0,0,0,0.147,0,0,0,0,2.913,27,67
0,0.56,0.56,0,2.25,0,1.12,0,0,0,0,0.56,0.56,0,0,0.56,3.38,0,3.95,0,2.25,0,0,0,0,0,0,0,0,0,0,0,0,0,0,0,0,0,0,0,0,0,0,0,0,0,0,0,0,0.26,0,1.13,0.347,0,4.875,140,195
0,0,0,0,0,0,0,0,0,0,0,0,0,0,0,0,0,0,0,0,0,0,0,0,0,0,0,0,0,0,0,0,0,0,0,0,0,0,0,0,0,0,0,0,0,0,0,0,0,0,0,0,0,0,1.5,3,6
0,0,0,0,0,0,0,0,0,2.17,0,0,0,0,0,0,0,0,0,0,0,0,0,0,13.04,0,0,0,0,4.34,0,0,0,0,0,0,0,0,0,0,0,0,0,0,0,0,0,0,0,0,0,0,0,7.407,3.555,19,96
0,0.15,0,0,0.15,0,0,0,0.15,0.15,0.3,0.46,0,0,0,0,0,0.15,0.3,0,1.07,0,0,0,0,0,0,0,0,0.15,0,0,0.61,0,0,0.15,1.22,0,0,0,0,0,0,0,0,0.61,0,0.15,0.019,0.137,0,0,0,0,2.276,20,485
0.73,0.36,1.09,0,0,0.73,0.73,1.09,0.36,0.36,0,0.36,0,0,0,1.09,0.36,0.36,2.19,2.19,2.19,0,1.83,0,0,0,0,0,0,0,0,0,0,0,0,0,0,0,0,0,0,0,0,0,0,0,0,0,0,0.11,0,0.498,0.332,0,3.254,30,179
0,0,0,0,0,0,0,0,0,0,0,2.85,0,0,0,0,0,0,0,0,0,0,0,0,0,0,0,0,0,0,0,0,0,0,0,0,0,0,0,0,0,2.85,0,0,0,0,0,0,0,0,0,0.444,0,0,2.333,12,28
0,0,0,0,0,0,0,0,0,0,0,0,0,0,0,0,0,0,0,0,0,0,0,0,0,0,0,0,0,0,0,0,0,0,0,0,0,0,0,0,0,0,0,0,0,0,0,0,0,0,0,0.216,0,0,1,1,18
0,0,0,0,0.53,0,1.07,0,0,0.53,0,0,0,0,0,0,0,1.61,1.07,0,0,0,0,0,0,0,0,0,0,0,0,0,0,0,0,0,0,0,0,0,0,0,0,0,0,0,0,0,0,0.335,0,0,0,0,2.333,14,119
0,0,0,0,0,0,0,0,0,0,0,0.97,0,0,0,0,0,0,1.94,0,0.97,0,0,0,0,0,0,0,0,0,0,0,0,0,0,0,0,0,0,0,0,0,0,0,0,0.97,0,0,0,0.255,0,0,0,0.127,2.344,11,68
0,0,3.7,0,0,0,0,0,0,0,0,0,0,0,0,1.85,0,0,1.85,0,0,0,1.85,0,0,0,0,0,0,0,0,0,0,0,0,0,0,0,0,0,0,0,0,0,0,0,0,0,0,0.289,0,3.768,0,0,4.833,29,87
0,0,0,0,0,0,0,0,0,0,0,0,0,0,0,0,0,0,0,0,0,0,0,0,0,0,0,0,0,0,0,0,0,0,0,0,0,0,0,0,0,5.55,0,0,0,0,0,0,0,0,0,0,0,0,1.375,4,11
0,0,0,0,0.19,0,0,0,0.09,0,0.09,0.59,0,0,0,0.09,0.39,0,1.77,0,0.98,0,0.09,0,1.57,0.78,0,0,0,0.09,0.19,0,0.09,0,0.19,0.09,0.39,0,0.29,0.09,0,0,0,0.09,0,0,0,0.19,0,0.096,0.027,0.068,0,0,2.059,25,593
0,0,0.17,0,0,0.08,0,0,0,0,0.08,0.87,0.08,0.08,0,0,0.78,0,0,0,0,0,0,0,3.05,0,0.08,0,0,0,0,0,0.61,0,0,0.08,0.08,0,0,0,0,0,0,0,0,0,0,0,0.079,0.068,0,0,0.022,0,2.432,24,540
0.63,0.63,0,0,0,0,0,0,0,0.63,0,0,0,0,0.63,0,0,0,4.45,0,0,0,0,0,0,0,0,0,0,0,0,0,0,0,0,0,0,0,0,0,0,0,0,0,1.27,1.91,0,0,0,0.204,0,0.102,0,0,1.361,4,49
0,0,0.38,0,0,0,0,0,0,0,0,1.53,0,0.38,0,0,0.76,0,0.76,0,0,0,0,0,3.84,1.53,0.38,0.38,1.53,0.38,0.38,0.38,0,0.38,0.38,1.15,0.38,0,0,0.38,0,0,0.38,0,0.76,0,0,0,0,0.163,0.054,0,0,0,2.297,17,193
0,0,0,0,0,0,0,0,0,0,0,0,0,0,0,0,0,0,0.97,0,0,0,0,0,0,0,0,0,0,0,0,0,0,0,0,0,1.94,0,1.94,0,1.94,0,1.94,0,1.94,1.94,0,0,0.147,0.147,0.294,0,0,0,1.789,12,68
0.1,0.1,0.73,0,0.2,0.1,0.2,0.62,0.1,0.31,0.31,1.04,0,0,0,0.1,1.14,0.31,2.4,0.93,2.92,0,0,0.2,0.1,0.1,0,0,0,0,0,0,0,0,0,0,0.1,0,0.1,0.1,0,0,0,0,0,0,0,0,0,0.163,0,0.785,0.065,0,4.064,92,817
0,0,0,0,0,0,0,0,0,0,0,0,0,0,0,0,0,0,0,0,0,0,0,0,4,0,0,0,0,0,0,0,0,0,0,2,2,0,4,0,0,0,0,0,0,0,0,0,0,0,0,0.176,0,0,1.758,7,51
0.71,0,0.35,0,0.17,0.17,0.35,0,0,0.35,0.17,0.53,0,0,0,0.35,0.71,0.35,3.76,0,1.97,0,0,0.53,0,0,0,0,0,0,0,0,0,0,0,0,0,0,0,0,0,0,0,0,0,0,0,0,0,0.029,0,0.234,0.029,0,3.519,97,359
0.77,0.38,0.77,0,0,0.57,0,0.57,1.15,1.34,0,0.38,0.38,0,1.15,0.19,0.19,1.92,2.11,1.15,1.15,0,1.34,0.77,0,0,0,0,0,0,0,0,0,0,0.19,0,0,0,0,0,0,0,0,0,0,0,0,0,0.027,0.027,0,0.438,0.191,0.054,14.619,525,921
0,0,0,0,0,0,0,0,0,0,0,1.4,0,0,0,0,0.7,0,1.4,0,1.4,0,0,0,0,0,0.7,0,0,0,0.7,0,0,0,0,0,0,0,0,2.11,0,0,0,0,0,0,0,0,0,0.267,0.066,0,0,0,17.952,200,377
0,0,0,0,0,0,0,0,0,0.54,0,0,0.54,0,0,0,0,0,5.43,0,1.63,0,0,0,0,0,0,0,0,0,0,0,0,0,0,0,0,0,0,0,0,0,0,0.54,1.63,0.54,0,0,0,0.083,0,0,0,0,2.827,47,82
0,0,0,0,0,0,0.88,0,0,0,0,0.88,0,0,0,0,0,0,0.88,0,0,0,0,0,0,0,0,0,0,0,0,0,1.76,0,0,0,0,0,0,0,0,0,0,0,0,0,0,0,0,0.133,0,0,0,0,1.629,9,44
0,0,0,0,0,0,0,0,0,0,0,0,0,0,0,0,0,0,4.16,0,0,0,0,0,2.77,2.77,1.38,2.77,0,0,0,0,0,0,0,0,0,0,0,0,0,0,0,0,1.38,0,0,0,0,0.355,0,0.355,0,0,2.666,12,64
0,0,0,0,0,0,0,0,0,0,0,0.68,0,0,0,0,0.68,0,0.68,0,0,0,0,0,0,0,0,0,0,0,0,0,0,0,0,2.04,0,0,0,0,0,0,0,3.4,0,0,0,0.68,0,0.086,0,0,0,0,1.41,5,79
0,0,0,0,0,0,0,1.11,0,0,0,0,0,0,0,0,0,0,0,0,0,0,1.11,0,0,0,0,0,0,0,0,0,0,0,0,0,0,0,0,0,0,0,0,0,1.11,0,0,0,0,0.208,0,0.208,0.416,0,3.95,23,79
0,0,0,0,0,0,0,0,0,0,0,0,0,0,0,0,0,1.66,0,0,0,0,0,0,1.66,1.66,0,3.33,0,0,0,0,0,0,3.33,0,0,0,0,0,0,0,0,0,0,0,0,1.66,0,0,0,0,0,0.53,4.052,22,77
0,0,0,0,0,0,0,0,0,0,0,0,0,0,0,0,0,0,0,0,0,0,0,0,15.38,7.69,0,0,0,0,0,0,0,0,0,0,0,0,0,0,0,0,0,0,0,0,0,0,0,0,0,0,0,0,6.8,17,34
0,0,0,0,0,0,0,0,0,0.38,0,0,0,0,0,0.19,0,0.19,0,0,0,0,0,0.38,0,0,0,0,0,0,0,0,0,0,0,0,0.58,0,0,0,0,0,0,0,0,22.05,0,0,0.135,0.339,0.067,0,0,0,4.13,81,285
1.24,0,0.82,0,0,0,0.41,0,0,0.41,0,0.41,0,0,0,1.65,0.41,0,2.9,0,0.41,0,0.41,0.82,0,0,0,0,0,0,0,0,0,0,0,0,0,0,0,0,0,0,0,0,0,0,0,0,0,0.193,0,0.904,5.3,0,7.478,92,344
0,0,0,0,0,0,0,0,0,0,0,0,0,0,0,0,0,0,0,0,0,0,0,0,0,0,20,0,0,0,0,0,0,0,0,0,0,0,0,0,0,0,0,0,0,0,0,0,0,0,0,0,0,0,1,1,6
0,0,0,0,0,0,0,0,0,0,0,0,0,0,0,0,0,0,0,0,0,0,0,0,0,0,20,0,0,0,0,0,0,0,0,0,0,0,0,0,0,0,0,0,0,0,0,0,0,0,0,0,0,0,1,1,5
0.83,0,0.41,0,0,0,0,0,0,0,0.41,0.83,0,0,0,0,0,0,2.91,0,1.66,0,0,0,0.41,0.41,0,0,0,0,0,0,0,0,0,0,0.41,0,0,0,0,0,0.41,0,0,0,0,0,0,0,0,0.283,0,0,2.022,13,91
0,0.44,0.89,0,0.44,0,0,0,0,0,0,0.44,0,0,0,0.44,0,0.89,2.24,0,1.34,0,0,0,0,0,0,0,0,0,0,0,0,0,0,0,0,0,0,0,0,0,0,0,0.44,0,0,0,0,0.073,0,0.807,0,0,3.849,121,281
0,0,1.58,0,0,0,0,0,0,0,0,0,0,0,0,0,0,0,3.17,0,4.76,0,0,0,0,0,0,0,0,0,0,0,0,0,0,0,0,0,0,0,0,0,0,0,0,0,0,0,0,0,0,0,0,0,1.23,4,16
0,0,0,0,0,0,0,0,0,0,0,2.94,0,0,0,2.94,0,0,0,0,0,0,0,0,0,0,0,0,0,0,0,0,0,0,0,0,0,0,2.94,0,0,0,0,0,0,0,0,0,0,0,0,0,0,0,1.285,3,9
0.48,0,0,0,0.48,0,0,0,0,0,0,0,0.48,0,0,0,0,0,4.39,0,0,0,0,0,0.48,0,0.48,0,2.92,0,0,0,0,0,0,0,0,0,0,0,0,0.97,0,0,0,0,0,0,0,0.085,0,0,0,0,1.275,3,37
0.22,0.88,0.44,0,0.22,0,0,0,1.32,1.54,0,0.88,0.66,0,1.1,0.66,0,1.54,2.87,0,1.54,0,0,0.22,0,0,0,0,0,0,0,0,0,0,0,0,0,0,0,0.44,0,0,0,0,0,0,0,0,0,0.085,0,0.659,0.114,0.028,9.1,65,728
0,0,0,0,0,0,0,0,0,0,0,0.68,0,0,0,0,0,0,0.34,0,0,0,0,0,0.68,0.34,0,0.68,0,0.34,0,0,0.34,0,0.34,0.34,0,0,0,0,0,0,0,0,0,0,0,0,0.048,0,0,0,0,0,2.147,11,131
0.52,0,1.05,0,0.52,0,0,0,0,0,0,3.17,0,0,0,0,0,0,0.52,0,0,0,0,0,2.64,2.64,0.52,0,0,0,0,0,0,0,0,0.52,1.05,0,2.64,0,0,0.52,0.52,1.58,0.52,0,0,0.52,0.084,0.169,0.084,0,0,0,1.577,12,112
0,0,0,0,0,0,0,0,0,0,0,4.58,0,0,0,0,0.91,0,0,0,0.91,0,0,0,1.83,0,0,0,0,0.91,0,0,0,0,0,0.91,0,0,0.91,0,0,0,0,0,0,0,0,0,0,0.12,0,0.241,0,0,3.541,26,85
0,0,0,0,0.64,0,0,0,0,0,0.64,0.64,0,0,0,0,1.29,0,1.29,5.19,1.29,0,0,0.64,0,0,0,0,0,0,0,0,0,0,0,0,0,0,0,0,0,0,0,0,0,0,0,0,0,0.468,0,0.093,0,0,2.755,66,135
0,0,0,0,0,0,0,0,0,0,0,1.03,0,0,0,0,0,0,3.09,0,0,0,0,0,1.03,0,0,0,0,1.03,0,0,0,0,0,0,0,0,0,0,0,0,0,0,1.03,0,0,0,0,0,0,0,0,0,1.666,7,25
0,0,0,0,0,0,0,0,0,0,0,0,0,0,0,0,0,0,0,0,0,0,0,0,0,0,0,0,0,0,0,0,0,0,0,0,2.08,0,0,0,0,0,0,0,0,6.25,0,0,0,0,0,0,0,0,3.125,15,50
0,0,0,0,0,0,0,0,0,0,0,0,0,0,0,0,0,0,0,0,0,0,0,0,1.63,4.91,0,0,0,0,0,0,0,0,0,0,0,0,0,0,0,0,0,0,0,0,0,0,0,0,0,0,0,0,1.48,6,37
0.23,0,0.23,0,0.69,0,0,0,0,0,0,1.39,0,0,0,0,0,0,0.23,0,0,0,0,0,0.23,0.23,0,0,0,0,0,0,0.23,0,0,0,0,0,0,0,0,0,0,0.23,0,0,0,0,0,0.067,0,0,0,0,1.433,9,86
0,0,0.2,0,0.4,0.2,0,0,0,0,0,0,0,0,0,0,0.61,0.4,2.45,0.2,0.61,4.49,0.61,0,0,0,0,0,0,0,0,0,0,0,0,0,0,0,0,0,0,0,0,0,0.2,0,0,0,0,0,0,0.382,0.223,0.478,7.538,55,490
0,0,0,0,0,1.36,0,0,1.36,0,0,0,0,0,0,1.36,0,0,1.36,0,0,0,0,0,0,0,0,0,0,0,0,0,1.36,0,0,0,1.36,0,0,1.36,0,0,0,0,0,0,0,0,0,0,0,1.777,0.222,0,9.727,63,107
0,0,0,0,0,0,0,0,0,0,0,0,0,0,0,0,0,0,9.52,0,0,0,0,0,0,0,0,0,0,0,0,0,0,0,0,0,0,0,0,0,0,0,0,0,0,4.76,0,0,0,0.625,0,0,0,0,1.375,4,11
0,0,0,0,0,0,0,0,0,0,0,4.34,0,0,0,0,0.62,0,0,0,0.62,0,0,0,3.1,0,0,0,0,0.62,0,0,0,0,0,0.62,0,0,0.62,0,0,0,0,0,0.62,0,0,0,0,0.166,0,0.333,0,0,4.255,34,200
0,0,0.24,0,0.72,0,0,0,1.69,0,0.48,1.21,0,0,0,0.24,0,0,2.91,0,1.21,0,0,0.24,0,0,0,0,0,0,0,0,0,0,0,0,0,0.24,0,0,0,0,0,0,0.24,0,0,0,0,0.036,0,1.021,0.291,0.109,7.092,67,461
0,0,1,0,0,0.25,0,0.25,0,0,0,1.5,0.25,0,0,0.25,0.5,0,2.5,0,1.5,0,0,0.25,0,0,0,0,0,0,0,0,0,0,0,0,0,0,0,0,0,0,0,0,0,0,0,0,0,0,0,0.203,0.203,0,2.866,34,129
0,0,0,0,0,0,0,0,0,0,0,1.42,0,0,0,1.42,0,0,0,0,0,0,0,0,0,0,0,0,0,0,0,0,0,0,0,0,0,0,0,0,0,0,0,0,0,0,0,0,0,0,0,0,0,0,2.058,5,35
0.71,0,0.11,0,0.47,0.11,0,0.59,0.71,2.86,0.23,0.11,0.23,0,0.47,0.11,0.59,0.47,3.21,0,1.66,0,1.9,1.07,0,0,0,0,0,0,0,0,0,0,0,0,0,0,0.11,0.11,0,0,0,0,0.11,0,0,0,0.072,0.127,0,0.418,0.254,0.018,9.705,148,1514
0,0,0,0,0.47,0,0,0,0,0,0,0.47,0,0,0,0,1.9,0,0,0,0,0,0,0,1.9,0.95,0,0,0,1.42,0,0,0,0,0,0.47,0,0,0,0,0,0,0,0,0,0,0,0,0,0.217,0,0,0,0,1.677,5,99
0,0,0.15,0,0.13,0.03,0,0.08,0,0.06,0.03,0.64,0.08,0.01,0,0.05,0.22,0.01,0.15,0.03,0.33,0,0,0,0,0,0.01,0,0.03,0.01,0,0,1.33,0,0,0.1,0.76,0,0.01,0.05,0.06,0.03,0,0.05,0,0.1,0,0.37,0.024,0.254,0.002,0.002,0.007,0,2.128,36,3467
0,0,0,0,0,0,0,0,0,0,0,1.25,0,0,0,0,0,0,1.25,0,0,0,0,0,0,0,0,0,1.25,0,0,0,0,0,0,0,0,0,0,0,0,0,0,0,0,0,0,0,0,0.746,0,0,0,0,1.687,4,27
2,0,0,0,0,0,0,0,0,0,2,2,0,0,0,0,0,0,2,0,8,0,0,0,0,0,0,0,0,0,0,0,0,0,0,0,0,0,0,0,0,0,0,0,0,0,0,0,0,0,0,0,0,0,5.888,29,53
0,0,1.16,0,0,0,0,0,0,0,0,2.32,0,0,0,0,0,3.48,0,0,1.16,0,0,0,2.32,1.16,0,1.16,0,1.16,1.16,0,0,0,1.16,1.16,0,0,1.16,0,0,0,0,0,0,0,0,0,0,0.139,0,0.139,0,0,1.515,10,50
0.1,0.2,1.01,0,0.8,0.8,0.5,0,0.8,0.1,0.3,0.7,0.3,0,1.61,0.1,0,1.11,1.31,0.2,0.7,0,0.6,0.1,0,0,0,0,0,0,0,0,0,0,0,0,0,0,0,0,0,0,0.2,0,0.1,0.1,0,0,0,0.11,0,0.49,0.158,0.015,8.55,669,1351
0,1.86,0,0,0,0,0,0,0,0.93,0,0,0,0,0,0,0,0,0,0,0,0,0,0,2.8,1.86,1.86,0.93,0.93,0.93,0.93,0.93,0,0.93,0.93,0.93,0.93,0,0.93,0.93,0,0.93,0.93,0,0.93,0,0,0,0,0.457,0.152,0,0,0,2.097,13,86
1.19,0,0.59,0,0,0,0,0,0,0,0,1.19,0,0,0,0,0,0,2.97,0,1.19,0,0,0,0,0,0,0,0,0,0,0,0,0,0,0,0,0,0,0,0,0,0,0,0,0,0,0,0,0,0,0.102,0,0,1.52,7,38
0,0,0,0,0,0,0,0,0,0,0,0,0,0,0,0,0,0,5.45,0,0,0,0,0,1.81,0,0,0,0,0,0,0,0,0,0,0,0,0,0,0,0,0,0,0,0,0,0,0,0,0,0,0,0,0,1.5,2,3
0,0,0.48,0,0.32,0.16,0,0,0.32,0,0,0,0.16,0,0,0,0,0,2.26,0,0.48,0,0,0.16,0,0,0,0,0,0,0,0,0,0,0,0,0,0,0,0,0,0,0,0,0.64,0.16,0,0,0,0.086,0,0.057,0,0,1.698,51,158
0,0,0,0,6.25,0,0,0,0,0,0,0,0,0,0,0,0,0,0,0,0,0,0,0,0,0,0,0,0,0,0,0,0,0,0,0,0,0,0,0,0,0,0,0,0,0,0,0,0,0,0,0,0,0,2,6,10
0.16,0,0.24,0,1.63,0.49,0,0,0,0.16,0.08,0.65,0.4,0.08,0,0,0.32,0,3.68,0.32,0.65,0,1.14,0.08,0,0,0,0,0,0,0,0,0,0,0,0,0,0,0,0,0,0,0.08,0,0.08,0,0,0,0.014,0.058,0,0,0.232,0,1.725,10,333
0,0,0,0,0,0,0,0,0,0,0,0,0,0,0,0,0,0,1.47,0,2.94,0,0,0,1.47,0,1.47,2.94,0,0,0,0,1.47,0,1.47,0,0,0,0,0,0,0,0,0,0,0,0,0,0,0.484,0,0.484,0,0,2.5,15,65
0,0,0,0,0,0,0,0,0,0,0,0,0,0,0,0,0,0,0,0,0,0,0,0,8.33,4.16,4.16,4.16,4.16,4.16,4.16,4.16,0,4.16,4.16,4.16,0,0,0,4.16,0,0,0,0,0,0,0,0,0,1.176,0,0,0,0,3.444,11,31
0,0,0,0,0,0,0,0,0,0,0,0,1.01,0,0,0,0,0,2.02,0,0,0,0,0,0,0,0,0,0,0,0,0,0,0,0,0,1.01,0,2.02,0,0,0,1.01,0,2.02,1.01,0,0,0,0,0.188,0.376,0,0,2.31,15,67
0,0,0,0,0,0,0,0,0,0,0,0,0,0,0,0,0,0,0,0,0,0,0,0,0,0,0,0,0,0,0,0,0,0,0,0,0,0,0,0,0,0,0,0,0,0,0,0,0,0,0,0,0,0,1.666,3,10
0,0,0,0,7.69,0,0,0,0,0,0,0,0,0,0,0,0,0,0,0,0,0,0,0,0,0,0,0,0,0,0,0,0,0,0,0,0,0,0,0,0,0,0,0,0,0,0,0,0,0.588,0,0,0,0,1,1,6
0,0,0.51,0,1.54,0,0,0,0.25,0,0,1.28,0,0,0,0,0,0,0,0,0,0,0,0,0.77,0.25,0,0,1.03,1.8,0,0,0,0,0,0,0.25,0.25,0,0,0,0,0,0,0.25,0,0,0,0,0.039,0,0,0,0,1.767,7,99
0,0,0.33,0,0.66,0,0,0.33,0,1.32,0,0,0,0.33,0,0,0.33,0,1.32,0,0.33,0,0,0,1.98,0.66,0.66,0,0,0,0,0,0.33,0,0,0,0.99,0,0,0,0,0,0.33,0.33,0.33,0,0,0,0.168,0.392,0,0.224,0.336,0,4.115,42,321
0,0,0,0,0,0,0,0,0,1.38,0,0,0,0,0,0,0,1.38,0,0,0,0,0,0,0,0,0,0,0,0,0,0,0,0,0,0,0,0,0,0,0,0,0,0,1.38,2.77,0,0,0,0.213,0,0,0,0,1.72,11,43
0,1.72,0,0,0,0,0,0,0,1.72,0,0,0,0,0,1.72,0,0.86,0.86,0,0,0,0,0,0,0,0,0,0,0,0,0,0,0,0,0,0,0,0,0,0,0,0,0,0,0,0,0,0,0.125,0,0.251,0.251,0,2.022,12,91
0,0,0,0,0,0,0,0,0,0,0,0,0,0,0,0,0,0,0,0,0,0,0,0,20.83,4.16,0,0,0,0,0,0,0,0,0,0,0,0,0,0,0,0,0,0,0,0,0,0,0,0,0,0,0,0,3.555,18,64
0,0,1.12,0,0,0,0,1.12,0,0,0,0,0,0,2.24,0,0,0,3.37,0,2.24,0,0,0,0,0,1.12,0,0,0,0,0,0,0,0,0,0,0,0,0,0,0,0,0,1.12,0,0,0,0,0,0,0,0,0,2,5,44
0,0,0.71,0,0.23,0,0,0,0.23,0.23,0.23,1.9,0,0,0,0.23,0,0,3.81,0.23,1.19,0,0,0,0,0,0,0,0,0,0,0,0,0,0,0,0,0,0,0,0,0,0,0,0,0,0,0,0,0.109,0,1.018,0.036,0,4.022,97,543
0,0,0,0,0,0,0,0,0,0,0,0,0,0,0,0,0,0,0,0,0,0,0,0,0,0,0,0,0,0,0,0,0,0,0,0,0,0,0,0,4.76,0,0,0,0,4.76,0,0,0,0,0,0,0,0,1.571,5,11
0,0,0.24,0,0,0,0,0,0,0.48,0,0.24,0,0,0,0,0.48,0.24,0.72,0.48,0.72,0,0,0,1.69,0,0,0,0,0,0,0,0,0,0,0,0,0,0,0,0,0,0,0,0,0,0,0,0,0.035,0,0,0,0,3.179,87,283
0,0.47,0,0,0.94,0,0.94,0,0,0,0,0.47,0.47,0,0.47,0,0,0,1.89,0,0.47,0,0,0,0,0,0,0,0,0,0,0,0,0,0,1.42,0,0,0,0,0,0,0,0,0,0,0,0,0,0.074,0.074,0,0,0,2.125,11,102
0,0,0,0,1.9,0,0.95,0,0,0.95,0,0.95,0,0,0,0,0,0,5.71,3.8,2.85,0,0,0,0,0,0,0,0,0,0,0,0,0,0,0,0,0,0,0,0,0,0,0,0,0,0,0,0,0,0,0.147,0,0,1.4,6,21
0,0,0.28,0,0.16,0.18,0,0,0,0,0.02,0.09,0.11,0,0,0,0,0,0.14,0,0.02,0,0,0.04,0,0,0,0,0,0,0,0,0,0.07,0,0,0,0,0.02,0,0,0,0,0,0,0,0,0,0,0.116,0.021,0.03,0,0,16.644,154,9088
0,0,0.23,0,0,0.23,0,0,0,0,0,0,0,0,0,0,0,0,0.23,0,0,0,0,0,0,0,0,0,0,0,0,0,0,0,0,0,0,0,0,0,0.23,0,0,0,0.23,1.4,0,0,0,0.064,0,0.161,0,0,1.065,7,146
0,0,0.27,0,0.82,0,0,0,0,0,0,0,0,0,0,0,0,0,0.82,0,1.1,1.93,0,0,0,0,0,0,0,0,0,0,0,0,0,0,0,0,0,0,0,0,0,0,0,0,0,0,0,0,0,0.14,0,0.187,6.693,49,328
0,14.28,0,0,0,0,0,0,0,0,0,0,0,0,0,0,0,0,0,0,0,0,0,0,0,0,0,0,0,0,0,0,0,0,0,0,0,0,0,0,0,0,0,0,0,0,0,0,0,0,0,0,0,0,1.8,5,9
0,0,0,0,0,0,0,0,0,0,0,0,0,0,0,0,0,0,8.33,0,0,0,0,0,0,0,0,0,0,0,0,0,0,0,0,0,0,0,0,0,0,0,0,0,0,0,0,0,0,0,0,0,0,0,1,1,2
0,0,0,0,0.35,0.35,0,0,0,0,0,0,0,0,0,0,0,0,1.79,0,0.71,0,0,0,0.35,0,0,0,0,0,0,0,0,0,0,0,0,0,0,0,0,0,0,0,0,0.35,0,0,0,0.064,0,0,0,0,1.27,8,61
0.06,0,0.71,0,1.23,0.19,0.19,0.12,0.64,0.25,0.38,0.45,0.12,0,1.75,0.06,0.06,1.03,1.36,0.32,0.51,0,1.16,0.06,0,0,0,0,0,0,0,0,0,0,0,0,0,0,0,0.06,0,0,0.12,0,0.06,0.06,0,0,0.01,0.143,0,0.276,0.184,0.01,9.821,485,2259
0,0,0,0,6.25,0,3.12,0,0,0,0,3.12,0,3.12,0,3.12,0,0,6.25,0,0,0,0,0,0,0,0,0,0,0,0,0,0,0,0,0,0,0,0,0,0,0,0,0,0,0,0,0,0,0,0,0,0,0,9.428,60,66
0,0,0.16,0,0.33,0,0.16,0,0.5,0,0.16,0,0,0,0,0.5,0,1.5,0.66,0,0,0,0,0,0.33,0,0,0,0,0,0,0,0,0,0,0,0,0,0,0,0,0,0,0,0,0,0,0,0,0.088,0,0.884,0.752,0.022,5.328,47,1087
0,0,0.93,0,0,0,0,0,0,2.8,0.93,0,0,0,0,0,2.8,0,4.67,0.93,0.93,0,0,0,0,0,0,0,0,0,0,0,0,0,0,0,0,0,0,0,0,0,0,0,0.93,0,0,0,0,0,0,0.464,0.154,0,1.612,10,50
0.09,0,0.09,0,0.56,0.09,0,0,0,0.18,0,0.46,0,0.09,0,0,0.37,0,0.56,0,0.65,0,0,0,1.86,0.46,0,0.09,0,0.09,0.28,0,0,0,0.37,0,0.28,0,0.09,0,0,0.28,0,0.18,0,0,0,0,0,0.081,0,0,0,0,1.983,25,601
0,0,0,0,0.43,0.86,0,0,0,0,0,0,0,0,0,0,0,0,2.17,0,0,0,0,0,0,0,0,0,0,0.86,0,0,0,0,0,0,0,0,0,0,0,0,0,0,0,0,0,0,0,0.068,0,0,0,0,2.923,55,114
0,0,0,0,0,0,0,0,0,2.17,0,0,0,0,0,0,0,0,0,0,0,0,0,0,13.04,0,0,0,0,4.34,0,0,0,0,0,0,0,0,0,0,0,0,0,0,0,0,0,0,0,0,0,0,0,6.896,2.142,8,60
0,0,0,0,0,0,0,0,0,0,0,0,0,0,0,0,0,0,0,0,0,0,0,0,0,0,0,0,0,0,0,0,0,0,0,0,0,0,0,0,0,0,0,0,0,0,0,0,0,0,0,0,0,0,2.25,6,9
0.16,0.24,1.24,0,0.41,0.58,0.49,0.33,0.66,0.66,0.24,1.24,0.16,0,0.66,0.82,0.16,1.57,2.32,0.16,1.16,0,0.91,0.16,0,0,0,0,0,0,0,0,0,0,0,0,0,0,0,0.08,0,0,0,0,0.08,0,0,0,0,0.132,0,0.25,0.224,0.013,5.872,581,1339
0,0,0.49,0,0,0.49,0,0,0,0,0,0.99,0,0,0,0,0,0,2.47,0,0.99,0,0,0,0,0,0,0,0,0,0,0,0,0,0,0,0,0,0,0,0,0,0,0,0,0.49,0,0,0,0.093,0,0.093,0,0,1.275,4,51
0,0,0,0,0,0,0,0,0,0,0,0,0,0,0,0,0,0,0,0,0,0,0,0,0,0,0,0,0,0,0,0,0,0,0,0,0,0,0,0,0,0,0,16.66,0,0,0,0,0,0,0,0,0,0,2,3,4
0,0,0,0,1.16,0,0,0,0,1.16,0,2.32,0,0,0,0,0,0,0,0,0,0,0,0,1.16,1.16,0,2.32,0,0,0,0,0,0,0,1.16,0,0,0,0,0,0,0,0,0,0,0,0,0,0.39,0,0,0,0,3.379,11,98
0,1,1,0,2,0,1,0,0,0,0,0,0,0,0,0,2,3,2,0,4,0,1,1,0,0,0,0,0,0,0,0,0,0,0,0,0,0,0,0,0,0,0,0,0,0,0,0,0,0,0,0.275,0.137,0,2.538,11,33
0,0,0,0,0,0,0,0,0,0,0,1.23,0,0,0,0,0,0,1.85,0,0.61,0,0,0.61,0,0,0,0,0,0,0,0,0,0,0,0,0.61,0,0,0,0,1.23,0,0,1.23,1.85,0,0,0,0.098,0,0.098,0,0,1.627,15,70
0,0,0,0,0,0,0,0,0,0,0,0,0,0,0,0,0,0,0,0,0,0,0,0,0,0,0,0,0,0,0,0,0,0,0,0,0,0,0,0,0,0,0,0,0,0,0,0,0,0,0,0,0,0,2,4,6
0,0,0,0,0,0,0,0,0,1.05,0,1.05,0,0,0,1.05,0,0,1.05,0,0,0,0,0,0,1.05,3.15,0,0,0,0,0,0,0,0,0,1.05,0,1.05,0,0,0,1.05,2.1,1.05,0,0,0,0,0.677,0,0.338,0,0,1.468,12,47
0,0,0.87,0,0.87,0,0,0,0,0.87,0,0,0,0,0,0,0,0,0,0,0.87,0,0,0,1.75,0.87,2.63,0,0,0,0,0,0,0,0,0,0.87,0,0,0,0,0,0.87,0,0.87,0,0,0,0,0.283,0.141,0,0,0,1.785,15,75
0,0,0,0,0,0.6,0,0,0,0.6,0,0.6,0.6,0,0,0,0,0,3.04,0,0,0,0,0,0,0,0,0,0,0,0,0,0,0,0,0,0.6,0,0,0,0,0,0,0,0.6,3.04,0,0,0.094,0,0,0.094,0.189,0,1.976,15,83
0,0,0.23,0,0.46,0,0,0,0.23,0,0,0,0,1.39,0,0,0.23,0,0,0,0.69,0,0,0,0.46,0,0,0,0,0,0,0,0,0,0,0,0.23,0,0,0,0,1.86,0,0,0,0,0,0,0,0.113,0,0.09,0,0.203,2.43,121,666
0,0,0,0,2.48,0,0,0.62,0,0,0,1.24,0,0,0,0,0,0,2.48,0,3.72,0,0,0,0,0,0,0,0,0,0,0,0,0,0,0,0,0,0,0,0,0,0,0,0,0,0,0,0,0,0,0.179,0,0.089,3.702,53,174
0,0,0,0,0,0,0,1.08,0,0,0,0,0,1.08,0,0,0,0,0,0,0,0,1.08,0,0,0,0,0,0,0,0,0,0,0,0,0,0,0,0,0,0,0,0,0,1.08,0,0,0,0,0.191,0,0.191,0.383,0,3.95,23,79
0,0,0.2,0,0,0,0,0.2,0,0.2,0,0,0,0,0,0,0,0.2,0.2,0,0,0,0,0,0.2,0.2,0,0.41,0,0,0,0,0.2,0,0.2,0,0.2,0,0,0,0,0,0,0,0,0,0,0,0,0.148,0,0,0,0,1.669,15,187
0.28,0,0.28,0,0,0,0,0,0,0,0,0.28,0.28,0,0,0.28,0,0.28,1.97,0,0,0,0,0.28,0,0,0,0,0,0,0,0,0,0,0,0,0,0,0,0,0,0,0,0,0,0.28,0,0,0,0.103,0,5.054,0,0,1.403,18,80
0,0,0,0,0,0,0,0,0,0,0,0,0,0,0,0,0,0,1.72,0,0,0,0,0,0,0,0,0,0,0,0,0,0,0,1.72,0,0,0,0,0,0,3.44,0,0,0,0,0,0,0,0,0,0.25,0,0,2.619,9,55
0,0,0,0,0,0,0,0,0,0,0,0,0,0,0,0,0,0,0,0,0,0,0,0,0,0,14.28,0,0,0,0,0,0,0,0,0,0,0,0,0,0,0,0,0,0,0,0,0,0,0,0,0,0,0,1,1,7
0,0,0,0,0,0,0,0,0,0,0,0,0,0,0,0,0,0,3.22,0,0,0,0,0,0,0,0,0,0,0,0,0,0,0,0,0,0,0,0,0,0,0,0,0,0,0,0,0,0,0,0,0.546,0,0,2.3,9,23
0,0,0,0,0,0,0,0,0,0,0,0,0,0,0,0,0,0,0,0,0,0,0,0,0,0,0,0,0,0,0,0,0,0,0,0,0,0,0,0,0,0,0,0,0,0,0,0,0,0,0,0,0,0,1,1,3
0.19,0.19,0.29,0,1.07,0.19,0.19,0.97,0.87,0.58,0.09,1.07,0.19,0.87,0.09,0,0,1.17,3.81,0.68,1.75,0,0.09,0.29,0,0,0,0,0,0,0,0,0,0,0,0,0,0,0.09,0.09,0,0,0,0,0,0,0,0,0,0,0.201,0.402,0.232,0.03,4.295,49,872
0,0,0,0,0,0,0,0,0,0,0,0,0,0,0,0,0,0,0,0,0,0,0,0,0,0,0,0,0,0,0,0,0,0,0,0,0,0,0,0,0,0,0,0,0,0,0,0,0,0.943,0,0.943,0,0,2.166,5,13
0.24,0,0.24,0,0,0.48,0.24,0,0,0.48,0.24,0.72,1.2,0,0,1.68,0.72,0,1.92,0,1.68,0,0.24,0,0,0,0,0,0,0,0,0,0,0,0,0,0,0,0,0,0,0,0,0,0,0,0,0,0,0,0,0.677,0.828,0.15,4.333,52,429
0.06,0,0.36,0,0.12,0,0,0.06,0.06,0,0.12,0.66,0,0,0,0.06,0.18,0.06,0.6,0,0.78,0,0,0,1.99,0.42,0,0,0,0.18,0.18,0,0,0,0.06,0,0.18,0,0,0,0,0.06,0,0,0,0,0,0.24,0.008,0.099,0,0,0.008,0.016,1.972,27,941
0,0,0,0,0,0,0,0,0,3.77,0,0,0,0,0,0,0,0,1.88,0,0,0,0,1.88,0,0,0,0,0,0,0,0,0,0,0,0,0,0,0,0,0,0,0,0,0,0,0,0,0.264,0,0,0,0,0,4.333,13,78
2,0,0,0,0,0,0,0,0,0,2,2,0,0,0,0,0,0,2,0,8,0,0,0,0,0,0,0,0,0,0,0,0,0,0,0,0,0,0,0,0,0,0,0,0,0,0,0,0,0,0,0,0,0,5.888,29,53
0.59,0,0.59,0,0,0,0,0.59,0,0,0,1.18,0,0,0,0,0,0,5.32,0,1.18,0,2.95,0,0,0,0,0,0,0,0,0,0,0,0,0,0,0,0,0,0,0,0,0,0,0,0,0,0,0,0,0.109,0.763,0,3,32,114
0.53,0,0,0,0.88,0,0,0,0,0,0,0.71,0.35,0,0,0,0,0,1.06,0,1.06,0,0,0,2.13,1.06,0.17,0.17,0.17,0.17,0.17,0.17,0,0.17,0.17,0.17,0.53,0,0,0.17,0,0.71,0.17,0,0.53,0,0,0.35,0.052,0.131,0.026,0.026,0,0,2.941,34,353
0,0,0,0,0,0,0,0,0,2.5,0,0,0,0,0,0,0,0,2.5,0,2.5,0,0,0,0,0,0,0,0,0,0,0,0,0,0,0,0,0,0,0,0,0,0,0,0,0,0,0,0,0,0,0,0,0,1.416,3,17
0,0,0,0,0,0,0,0,0,0,0,0,0,0,0,0,0,1.83,5.5,0,0,0,0,0,0,0,0.91,0,0,0,0,0,0,0,0,0,0,0,0,0,0,0,0,0,0.91,0,0,0.91,0,0.175,0,0,0,0,1,1,18
0.68,0,0,0,0,0,0,0,0,0,0,0,0,0,0,1.36,0,0,2.04,0,0,0.68,0,0,0,0,0,0,0,0,0,0,0,0,0,0,0,0,0,0,0,0,0,0,0,0,0,0,0.125,0.375,0,1.001,0,0.25,4.551,32,132
0.46,0,0,0,0.69,0.46,0,0.46,0,0.23,0.23,0,1.61,0,0.46,0,0.92,1.84,1.84,0,0.69,0,1.61,0,0,0,0,0,0,0,0,0,0,0,0,0,0,0,0,0.92,0,0,0,0,0,0,0,0,0,0.037,0,0.188,0.112,0,3.105,30,354
0,0,0,0,0.87,0,0,0,0,0,1.31,0.43,0,0,0,1.75,0,1.31,2.63,0,0.87,0,0,0,0,0,0,0,0,0,0,0,0,0,0,0,0,0,0,0,0,0,0,0,0,0,0,0,0,0.06,0,0.361,0.18,0,1.72,6,86
0,0,1.55,0,0,0.77,0,0.38,0,0,0.38,1.16,0,0,0,0.38,0,1.16,1.93,0,0.38,0,1.16,0.38,0,0,0,0,0,0,0,0,0,0,0,0,0,0,0,0,0,0,0,0,0,0,0,0,0,0.06,0,0.601,0.12,0,2.666,22,160
0,0,0.68,0,0.68,0,0.68,0,0,0.68,0,0.68,0,0,0,0,0,4.1,4.1,0,0.68,0,1.36,0,0,0,0,0,0,0,0,0,0,0,0,0,0,0,0,1.36,0,0,0,0,0,0,0,0,0,0,0,1.089,0.242,0,3.488,60,157
0.17,0,0.17,0,1.45,0.34,0.05,0.05,0.05,0.05,0.05,0.52,0.29,0.05,0,0,0.69,0.05,4.24,0.23,1.04,0,0.75,0.05,0,0,0,0,0,0,0,0,0,0,0,0,0,0,0,0,0,0,0,0,0,0,0,0,0.01,0.051,0,0.02,0.163,0,1.796,12,458
0,0,0,0,2.7,0,0,0,0,0,0,0,0,0,0,0,0,0,0,2.7,0,0,0,0,0,0,0,0,0,0,0,0,0,0,0,0,0,0,0,0,0,0,0,2.7,0,0,0,0,0,0,0,0,0,0,1.4,5,14
0,0,0,0,0,0,0,0,0,0,0,4.65,0,2.32,0,0,0,0,0,0,0,0,0,0,0,0,0,0,0,0,0,0,0,0,0,0,0,0,0,0,0,0,0,0,0,0,0,0,0,0,0,0.448,0,0,2,4,28
0,0.15,0.07,0,0.23,0,0,0.07,0.07,0.07,0,1.48,0.15,0.23,0,0.07,1.01,0,0.15,0.07,0,0,0.15,0.07,3.11,0,0,0,0,0,0,0,0.15,0,0,0,0.15,0,0,0,0,0.46,0,0,0.23,0,0,0,0.185,0.098,0,0,0.043,0,2.013,24,576
0,0,0,0,0,0,0,0,0.14,0,0,0.43,0,0,0,0,0.14,0,0,0,0.14,0,0,0,0.14,0.57,0,0,0,0,0,0,0.14,0,0,0.43,0,0,0,0,0,0,0,0,0,0,0,0.14,0.058,0.156,0,0,0,0,1.566,13,462
0,0,0,0,0,0,0,0,0,0,0,0,0,0,0,0,0,0,0,0,0,0,0,0,0,0,5.55,0,0,0,0,0,0,0,0,0,0,0,0,0,0,0,0,0,5.55,0,0,0,0,0,0,0,0,0,1,1,5
0,0,0,0,0,0,0,0,0,0,0,0,0,0,0,0.62,0.62,0,1.25,3.12,3.12,1.87,0,0,0,0,0,0,0,0,0,0,0,0,0,0,0,0,0,0,0,0,0,0,0,0,0,0,0,0.075,0,1.285,0.075,0.226,6.722,101,363
0.33,0.33,0,0,0,0,0,0,0,0,0,0.33,0,0,0,0,0,0.99,0.33,0,0.66,0,0,0,4.98,0,0,0,0,0,0,0,0,0,0,0,0.33,0,0.66,0,0,0,0,0,0,0,0,0,0.306,0.204,0,0.306,0,0,5.525,100,431
0,0,0,0,0,0,0,0,0,0,0,0,0,0,0,0,0,0,0,0,0,0,0,0,0,0,0,0,0,0,0,0,0,0,0,0,0,0,0,0,0,0,0,0,0,1.4,0,0,0,0.254,0,0,0,0,1,1,13
0.35,0,0.71,0,0,0,0,0,0,0.35,0,0.71,0,0,0,0,0,0,7.47,0,1.06,0,0,0,0,0,0,0,0,0,0,0,0,0,0,0,0,0,0,0,0,0,0,0,0.35,0,0,0,0,0.067,0,0,0,0,1,1,40
0,0,0,0,0,0,0,0,0,0,0,0,0,0,0,0,0,0,0,0,0,0,0,0,0,0,0,0,0,0,0,0,0,0,0,0,0.81,0,0,0,0,0,0,0,0,0,0,0,0.175,0,0,0,0,0,1.873,8,118
0.09,0.49,0.59,0,0.39,0.19,0,0,0.09,0.39,0,1.57,0.19,0,0,0,0.09,0,3.75,0.09,1.08,0,0,0.09,0,0,0,0,0,0,0,0,0,0,0,0,0,0,0,0,0,0,0,0,0,0,0,0,0.768,0.037,0,5.848,1.313,0,5.96,54,757
0,1.57,1.18,0,0,0,0,0,0,2.36,0,0.78,0,0,0,0,0,0,0.39,0,0,6.29,0,0,0,0,0,0,0,0,0,0,0,0,0,0,0,0,0,0,0,0,0,0,0,0,0,0,1.151,0.203,0,0.271,0,0.067,5.689,30,330
0,1.63,0,0,0,0,1.63,0,0,1.63,0,0,0,0,0,0,0,0,1.63,0,3.27,0,0,0,0,0,0,0,0,0,0,0,0,0,0,0,0,0,0,0,0,0,0,0,0,0,0,0,0,0,0,0,0,0,1.2,2,12
0,0,0,0,0,0,0,0,0,0,0,0,0.62,0,0,0.62,0,0,1.88,0,0.62,0,0,0,1.25,0.62,0,0,0,0,0,0,0,0,0,0,1.25,0,1.25,0,0,0,1.25,0,0,0,0,0,0.895,0.179,0.358,0,0,0,1.712,13,149
0,0,0,0,0,0,0,0,0,0,0,0,0,0,0,0,0,0,0,0,0,0,0,0,0,0,20,0,0,0,0,0,0,0,0,0,0,0,0,0,0,0,0,0,0,0,0,0,0,0,0,0,0,0,1,1,5
0,0.62,0.62,0,0.31,0,0,0,0,0,0,0.62,0,0,0,0.31,0,1.25,2.51,0,1.25,0,0,0,0,0,0,0,0,0,0,0,0,0,0,0,0,0,0,0,0,0,0,0,0.31,0,0,0,0,0.051,0,0.777,0,0,3.39,61,278
0.26,1.07,0,0,1.61,0,1.07,0.26,0.26,0,0,0.8,0,0,0,0,0,1.61,3.5,0,1.34,0,0,0.26,0,0,0,0,0,0,0,0,0,0,0,0,0,0,0,0,0,0,0,0,0.8,0,0,0,0,0.092,0,0.324,0,0,7.369,52,339
0,0,0,0,0,0,0,0,0,0,0,0,5.55,0,0,0,0,0,0,0,0,0,0,0,0,0,0,0,0,0,0,0,0,0,0,0,0,0,0,0,0,0,0,0,0,0,0,0,0,0,0,0,3.26,0,2.444,10,44
0,0,0,0,1.58,0,0.39,1.19,0,0.39,0,0.79,0,0,0,0,1.58,0.39,3.96,0,1.98,0,0,0,0,0,0,0,0,0,0,0,0,0,0.79,0,0,0,0,0,0,0,0,0,0,0,0,0,0,0,0,0.705,0.211,0,1.903,13,118
0,0.62,0.62,0,0,0.62,0,2.82,0,0.31,0.31,2.5,0,0,0,2.5,0,0,5.32,0.31,1.56,0,0,0.62,0,0,0,0,0,0,0,0,0,0,0,0,0,0,0,0,0,0,0,0,0,0,0,0,0,0.055,0,0.111,0.111,0.055,1.672,6,92
0,0,0,0,0,0,0,0,0,0,0,0,1.44,0,0,1.44,0,0,5.79,0,1.44,0,1.44,0,0,0,0,0,0,0,0,0,0,0,0,0,0,0,0,0,0,0,0,0,0,0,0,0,0,0,0,0.542,0.271,0,2.157,11,41
0,0,0,0,0,0,0,0,0,0,0,0,0,0,0,0,0,0,0,0,0,0,0,0,0,0,0,0,0,0,0,0,0,0,0,0,0,0,0,0,0,0,0,0,0,0,0,0,0,0,0,0,0,0,1,1,3
0.17,0,0.17,0,1.52,0.35,0.05,0.05,0.05,0.05,0.05,0.52,0.29,0.05,0,0,0.64,0.05,4.21,0.23,1.11,0,0.82,0.05,0,0,0,0,0,0,0,0,0,0,0,0,0,0,0,0,0,0,0.05,0,0.05,0,0,0,0.01,0.052,0,0.01,0.167,0,1.818,13,462
0,0,0,0,0,0,0,1.2,0,0,1.2,0,0,0,0,6.02,0,0,1.2,0,1.2,0,0,0,0,0,0,0,0,0,0,0,0,0,0,0,0,0,0,0,0,0,0,0,0,0,0,0,0,0,0,1.443,0,0,3.782,32,87
0,0,0,0,0,0,0,0,0,0,0,0,0,0,0,0,0,0,0,0,0,0,0,0,0,0,0,0,0,0,0,0,0,0,0,0,0,0,0,0,0,0,0,0,0,0,0,0,0,0,0,0,0,0,2,3,8
0,0,0,0,0.47,0,1.41,0,0,0,0.47,0.47,0,0,0,0.47,0,1.88,1.41,0.47,1.41,0,0,0,0,0,0,0,0,0,0,0,0,0,0,0,0,0,0,0,0,0,0,0,0,0,0,0,0,0,0,0.144,0.288,0,3.745,54,191
0,0,1.31,0,2.63,0,0,0.65,0,0,0,0.65,0,0,0,1.97,0,0,1.31,0,2.63,0,0,0.65,0,0,0,0,0,0,0,0,0,0,0,0,0,0,0,0,0,0,0,0,0.65,0,0,0,0,0.198,0,0.198,0.099,0,2.195,12,101
0,0,0,0,0.27,0,0,0.27,0,0,0,0.27,1.91,0,0.27,0.27,0,0.54,0,0,0,0,0,0,0.27,0.27,0,0.54,0,0.27,0,0,0,0,0,0,0,0,0,0,0,0,0,0,0,0.27,0,0,0.039,0.117,0,0,0,0,2.52,55,189
0.08,0.08,0.48,0,0.16,0.24,0,0,0.24,0.08,0,0.56,0,0,0,0,0,0.08,0.88,0.08,0.48,4.57,0.4,0.72,0,0,0,0,0,0,0,0,0,0,0,0,0,0,0,0,0,0,0,0,0,0,0,0,0,0,0,0.233,0.202,0.326,8.763,102,1481
0,0,0,0,0,0,0,0,0,0,0,0,0,0,0,0,0,0,2.46,0,0,0,0,0,0,0,0,0,0,0,0,0,0,0,0,0,0,0,0,0,0,0,0,0,1.23,0,0,0,0,0,0,19.131,0,0,13.25,48,53
0,0,0.24,0,0.49,0,0,0,0.24,0,0,0,0,1.49,0,0,0.24,0,0,0,0.74,0,0,0,0.49,0,0,0,0,0,0,0,0,0,0,0,0.24,0,0,0,0,2.23,0,0,0,0,0,0,0,0.046,0,0.069,0,0.255,2.776,121,622
0,0,0,0,0,0,0,0,0,0,0,0,0,0,0,0,0,0,0,0,0,0,0,0,0,0,0,0,0,0,0,0,0,0,0,0,0,0,0,0,0,0,0,0,0,0,0,0,0,0,0,5,0,0,1,1,2
0,0,0,0,0,0,0,0,0,0,0,1.29,0,0,0,0,0,0,0,0,0,0,0,0,0,0,0,0,0,0,0,0,0,0,0,0,0.64,0,0,0,0,0,0,0,0,0,0,0,0,0,0,0,0,0,2.275,8,91
0,2.6,0,0,0,0,0,0,0,0,0,0,0,0,0,0,0,0,3.47,0,1.73,0,0,0,0,0,0,0,0,0,0,0,0,0,0,0,0,0,0,0,0,0,0,0,0,0,0,0,0,0.154,0,0.773,0,0,1,1,17
0,0,0,0,0,0,0,0,0,0,0,1.75,0,0,0,0,0,0,3.5,0,0,0,0,0,0,0,0,0,0,0,0,0,0,0,0,0,0,0,0,0,0,0,0,0,0.87,1.75,0,0,0,0,0,0.259,0,0,1.681,12,37
0,0,0.32,0,0.65,0.65,0.32,0.32,0,0,0,0.32,0.32,0,0,0.32,0.32,0,2.28,0,3.25,0,0,0.32,0,0,0,0,0,0,0,0,0,0,0,0,0,0,0,0,0,0,0,0,0.32,0,0,0,0,0.112,0,0,0.169,0,1.494,10,139
0,0,0,0,0,0,0,0,0,0,0,0,0,0,0,0,0,0,0,0,0,0,0,0,0,0,0,0,0,0,0,0,0,0,0,0,0,0,0,0,0,0,0,0,0,0,0,0,0,0,0,3.225,0,0,1,1,4
0,0,0.27,0,0.54,0.27,0.27,1.08,0,0.81,0,0,0,0,0,0,0,0,2.45,0,1.36,0,0,0.27,0,0,0,0,0,0,0,0,0,0,0,0.27,0,0,0,0,0,0,0,0,0,0.27,0,0,0,0.04,0,0.489,0.04,0,2.121,19,227
0,0,0.55,0,1.11,0,0.18,0,0,0,0,0,0.92,0,0.18,0,0.37,0.37,3.15,0,0.92,0,0,0,0,0,0,0,0,0,0,0,0,0,0,0,0,0,0,0,0,0,0,0,0,0,0,0,0,0.182,0,0.455,0,0,1.32,4,70
0,0,0.21,0,0,0,0,0,0,0.21,0.21,0,0.42,0,0,0,0,0,0,0,0.42,0,0,0,0,0,0,0,0,0,0,0,0,0,0,0,0,0,0,0,0,0,0,0,0,1.5,0,0,0,0.058,0,0,0,0,1.203,8,195
0,0,1.81,0,0,0,0,0,0,0,0,1.81,0,0,0,0,0,0,0,0,0,0,0,0,0,0,0,0,0,0,0,0,1.81,0,0,0,0,0,0,0,0,3.63,0,0,0,0,0,0,0,0,0.849,0,0,0,2.294,8,39
0.09,0,0.67,0,0.29,0,0,0,0.19,0.38,0.09,1.35,1.06,0,0,0.29,0.19,0,2.51,0,1.35,0,0,0.38,0,0,0,0,0,0,0,0,0,0,0,0,0,0,0,0.58,0,0,0,0,0.29,0,0,0.19,0,0.149,0,0.374,0.059,0,9.039,148,1148
0,0,0,0,0,0,0,0,0,0,0,3.57,0,0,0,0,0,0,0,0,0,0,0,0,0,0,0,0,0,0,0,0,0,0,0,0,0,0,0,0,0,0,0,0,0,0,0,0,0,0,0,0.684,0,0,2,7,16
0,0,0.9,0,0.45,0,0,0,0,0,0,0.9,0.45,0,0,0.45,0.9,0,4.52,0,0.9,0,0.45,0,0,0,0,0,0,0,0,0,0,0,0,0,0,0,0,0,0,0,0,0,1.35,0,0,0,0,0,0,2.115,0.07,0,2.651,14,114
0,14.28,0,0,0,0,0,0,0,0,0,0,0,0,0,0,0,0,0,0,0,0,0,0,0,0,0,0,0,0,0,0,0,0,0,0,0,0,0,0,0,0,0,0,0,0,0,0,0,0,0,0,0,0,1.8,5,9
0,0,1.63,0,0,0.65,0,0,0,0,0.32,0.32,0,0,0,0.32,0,0,1.96,0.98,2.94,0,1.3,0,0,0,0,0,0,0,0,0,0,0,0,0,0,0,0,0,0,0,0,0,0,0,0,0,0,0.11,0,0.276,0.83,0.166,3.8,33,228
0,0,0,0,0,0,0,0,0,0,0,0,0,0,0,0,0,0,1.01,0,0,0,0,0,0,0,0,0,0,0,0,0,0,0,0,0,1.01,0,0,0,0,0,0,0,0,5.05,0,0,0,0,0,0,0,0,3.043,15,70
0,0,0,0,0,0,0,0,0,0,0,2.7,0,0,0,0,0,0,2.7,0,2.7,0,0,0,0,0,0,0,0,0,0,0,0,0,0,0,0,0,0,0,0,0,0,0,0,0,0,0,0,0,0,0.444,0,0,2.8,7,28
0,0,1.58,0,0,0,0,0,0,0,0,0,0,0,0,0,0,0,0,0,0,0,0,0,4.76,1.58,1.58,3.17,0,1.58,0,0,0,0,1.58,0,0,0,0,0,0,0,0,0,0,0,0,0,0,0.4,0,0,0.601,0,3.36,13,84
0,0.66,0.66,0,0.49,0,0.16,0.16,0,0,0,0.33,0.66,0.49,0.66,0,0,0,2.47,0.49,1.48,0,0,0.16,0,0,0,0,0,0,0,0,0.33,0,0,0,0,0,0,0,0,0,0,0,0.16,0,0,0,0,0,0,0.076,0.101,0.05,2.03,32,264
0,0,0,0,0,0,0,1.08,0,0,0,0,0,1.08,0,0,0,0,0,0,0,0,1.08,0,0,0,0,0,0,0,0,0,0,0,0,0,0,0,0,0,0,0,0,0,1.08,0,0,0,0,0.191,0,0.191,0.383,0,3.95,23,79
0,0,0.28,0,0,0,0,0,0,0.57,0,1.43,0,0,0,0,0,0,0,0,0.28,0,0,0,0.28,1.14,0,0,0,0,0,0,0,0,0.28,0,1.14,0,0,0,0,0,0,1.14,0,0,0,0.28,0,0.43,0,0,0,0,2.902,55,238
0,0,0.55,0,1.11,0,0,0,0,0,0,0,0.92,0,0.18,0,0.37,0.37,3.15,0,0.92,0,0,0,0,0,0,0,0,0,0,0,0,0,0,0,0,0,0,0,0,0,0,0,0,0,0,0,0,0.185,0,0.464,0,0,1.392,4,78
0,0,0.13,0,0.26,0,0,0.65,0.13,0,0,0.78,0.26,0,0,0,0.13,0,0,0,0,0,0.13,0,1.69,0,0,0,0,0,0,0,0,0,0,0,0.13,0,0,0,0,0,0,0,0,0,0,0.13,0,0.105,0,0,0.052,0,2.165,20,446
0,0,0,0,0,1.34,0,0,0,0,0,0,0,0,0,0,0,0.67,1.34,0,0,0,0,0,0,0,0.67,0,0,0,0,0,1.34,0,0,0,0,0,0,0,0,0,0,0.67,0.67,0,0,0,0,0.111,0,0,0,0,1.285,5,27
0,0,0,0,0.64,1.29,0,0,0,0,0,0,0,0,0,0,0,0,1.29,0,0,0,0,0,0,0,0,0,0,0,0,0,0,0,0,0,0.64,0,1.29,0,0,0,0,0,1.29,1.94,0,0,0,0,0,0.188,0,0,2.686,51,137
0,0,0,0,0,0,1.38,0,0,0,0,0,0,0,0,0,0,0,0,0,1.38,0,0,0,0,0,0,0,0,0,0,0,0,0,0,0,0,0,0,0,0,0,0,0,0,0,0,0,0.47,0,0,0.235,0.235,1.882,6.266,41,94
0,0.37,0,0,0,0.74,1.12,0,0,0,0.74,1.49,0.74,0,0,0.37,0,1.49,4.49,0,1.87,0,0,0.74,0,0,0,0,0,0,0,0,0,0,0,0,0,0,0,0,0,0,0,0,0,0,0,0,0,0,0,0.223,0.223,0,2.021,10,93
1.26,0.42,1.26,0,0,0,0,0,0,0,0,0.42,0,0,0,0.42,0,0.84,3.79,0,1.26,0,0,0.42,0,0,0,0,0,0,0,0,0,0,0,0,0,0,0,0,0,0,0,0,0.42,0,0,0,0,0.067,0,0.472,0.472,0,3,19,108
0,0,0,0,0,0,0,0,0,0,0,0,0,0,0,0,0,0,2.32,0,0,0,0,0,0,0,0,0,0,0,0,0,0,0,2.32,0,0,0,0,0,0,2.32,0,0,0,0,0,0,0,0,0,0.344,0,0,3.25,17,52
0,0,0,0,0,0,0,0,0,0,0,0,0,0,0,0,0,0,0.53,0,0,0,0,0,0,0,0,0,0,0,0,0,0,0,0,0,1.06,0,0,0,0,0,0,0,1.06,2.65,0,0,0,0.322,0,0,0,0.129,2.6,18,182
0,0,0,0,0,0,0,0,0,0,0,0,0,0,0,0,0,0,4.34,0,0,0,0,0,0,0,0,0,0,0,0,0,0,0,0,0,0,0,0,0,0,0,0,0,0,0,0,0,0,0,0,7.333,0,0,1.666,5,15
0,0,0,0,0,0,0,0,0,0,0,0,0,0,0,0,0,0,0,0,0,0,0,0,0,0,0,0,0,0,0,0,0,0,0,0,0,0,0,0,0,0,0,0,0,0,0,0,0,0,0,0,0,0,3,5,6
0,0,0,40.13,0,0,0,0,0,0.32,0,0,0,0,0,0,0,0.32,0.98,0,0.32,0,0,0,0,0,0,0,0,0,0,0,0,0,0,0,0,0,0,0,0,0,0,0,0,0,0,0,0,0.185,0,0.185,0.061,0,10.585,124,434
0,0,0,0,0,0,0,0,0,0,0,0,0,0,0,0,0,0,0,0,0,0,0,0,0,0,0,0,0,0,0,0,0,0,0,0,0,0,0,0,0,0,0,0,3.33,0,0,0,0,0,0,0,0,0,1.6,7,16
0,0,0,0,0,0,0,0,0,0,0,0,0,0,0,0,0,0,3.7,0,0,0,0,0,0,0,0,0,0,0,0,0,0,0,0,0,0,0,0,0,0,0,0,0,0,0,0,0,0,0,0,4.733,0,0,2.666,11,24
0,0,0,0,0,0,0,1.12,0,0,0,0,0,0,0,0,0,0,0,0,0,0,1.12,0,0,0,0,0,0,0,0,0,0,0,0,0,0,0,0,0,0,0,0,0,1.12,0,0,0,0,0.204,0,0.408,0.408,0,4.1,25,82
0,0,2.5,0,0,0,0,0,0,0,0,2.5,0,0,0,0,0,0,0,0,0,0,0,0,0,0,0,0,0,0,0,0,2.5,0,0,0,0,0,0,0,0,5,0,0,0,0,0,0,0,0,0,0,0,0,1,1,15
0,0,0,0,0,0,0,0,0,0,0,0,0,0,0,0,0,0,8.1,0,0,0,0,0,0,0,0,0,0,0,0,0,0,0,0,0,0,0,0,0,0,0,0,0,2.7,0,0,0,0,0,0,0,0,0,1,1,5
0,0,1.34,0,0.67,0,0,0,0,0,0,0,0,0,0,0,0,0.67,0.67,0,0.67,0,0,0,0,0,0,0,0,0,0,0,0,0,0,0,0,0,0,0,0,0,0,0,0.67,0,0,0,0,0,0,0.332,0.11,0,2.315,12,132
0,0,0,0,0,0,0,0,0,0,0,0,0,0,0,0,0,0,5.55,0,1.11,0,0,0,0,0,0,0,0,0,0,0,0,0,0,0,0,0,0,0,0,0,0,0,0,0,0,0,0,0,0,1.473,0,0,4.071,29,114
0,0,0,0,0,0,0,0,0,0,0,0,0,0,0,20,0,0,0,0,0,0,0,0,0,0,20,0,0,0,0,0,0,0,0,0,0,0,0,0,0,0,0,0,0,0,0,0,0,0,0,0,0,0,1,1,4
0.17,0,0.08,0,0.43,0.08,0.08,0.43,0.08,0.08,0,0.6,0.17,0.17,0,0,0.17,0.08,1.2,0,3.14,0,0.34,0.08,0,0,0,0,0,0,0,0,0,0,0,0,0,0,0,0,0,0,0,0,0,0,0,0,0,0.081,0.027,0.088,0.013,0,4.16,48,1140
0,0,0,0,0,0,0,4.68,0,0,0,0,0,0,0,0,1.56,0,0,0,0,0,0,0,0,0,0,0,0,0,0,0,0,0,0,0,0,0,0,0,0,0,0,0,0,0,0,0,0,0,0,0,0,0,1.153,3,15
0,0,0,0,0,0,0,0,0,0,0,0,0,0,0,0,0,0,0,0,2.04,0,0,0,2.04,2.04,2.04,2.04,2.04,2.04,2.04,2.04,0,2.04,2.04,2.04,0,0,0,2.04,0,0,0,0,0,0,0,0,0,0.536,0,0,0,0.268,2.529,11,43
0.65,0.49,0.32,0,0.32,0.16,0,0.49,0.65,0.49,0.16,1.3,0,0,0.16,1.14,1.3,0.16,3.6,0.49,1.8,0,0,0.49,0,0,0,0,0,0,0,0,0,0,0,0,0,0,0,0,0,0,0,0,0,0.16,0,0,0,0.231,0,0.925,0.231,2.29,5.833,47,595
0,0,1.31,0,0,0,0,0,0,0,0,1.31,0,0,0,0,0,0,1.31,0,5.26,0,0,1.31,0,0,0,0,0,0,0,0,0,0,0,0,0,0,0,0,0,0,0,0,0,0,0,0,0,0,0,0,0.201,0,4.5,25,54
0,0,2.56,0,0,0,0,0,0,0,0,0,0,0,0,0,0,0,5.12,0,0,0,0,0,0,0,0,0,0,0,0,0,0,0,0,0,0,0,0,0,0,0,0,0,0,0,0,0,0,0.308,0,1.543,0,0,2.777,6,25
0,0.8,0,0,0.6,0,0,0.2,0,0.2,0,0,0,0,0,1.8,0,2.2,1.8,0,2.81,0,0,0,0,0,0,0,0,0,0,0,0,0,0,0,0,0,0,0,0,0,0,0,0.2,0.2,0,0,0,0,0,0.06,0,0,2.533,43,228
0,0.96,0.96,0,1.44,0,0.48,0,0.48,1.92,0.48,0.96,0.48,0,1.92,0,0,0,0.96,0,0.96,0,4.32,0.48,0,0,0,0,0,0,0,0,0,0,0.48,0,0,0,0,0,0,0,0,0,0,0.48,0,0,0,0.061,0,0.43,0.43,0,25.964,305,727
0,0,0.32,0,0.65,0.65,0.32,0.32,0,0,0,0.32,0.32,0,0,0.32,0.32,0,2.28,0,3.25,0,0,0.32,0,0,0,0,0,0,0,0,0,0,0,0,0,0,0,0,0,0,0,0,0.32,0,0,0,0,0.104,0,0,0.157,0.052,1.537,10,143
0.14,0,0.28,0,0.09,0.24,0.04,0.04,0.24,0,0,0.52,0.04,0.09,0,0,0.14,0,0.24,0.04,0.28,0,0.38,0.14,0,0,0,0,0,0,0,0,0,0,0,0.19,0,0,0,0.04,0,0,0,0.04,0.09,0,0,0,0,0.061,0,0.007,0.099,0,1.867,14,521
0,0,0.26,0,0,0,0,0,0,1.05,0,1.31,0,0,0,0,0,0,0.26,0,0.26,0,0,0,0.26,1.05,0,0,0,0,0,0,0,0,0.26,0,1.05,0,0,0,0,0,0,1.05,0,0,0,0.26,0,0.439,0,0,0,0,2.724,50,237
0,0,0,0,0,0,0,0,0,0,0,0,0,0,0,0,0,0,0,0,0,0,0,0,0,0,0,0,0,0,0,0,0,0,0,0,0,0,0,0,0,0,0,0,0,0.46,0,0,0,0.185,0,0,0,0,1.904,11,80
0,0.53,0.53,0,0.53,0,0,0,0,0,0,0.53,0,0,0,0.53,0,1.06,1.6,0,1.06,0,0,0,0,0,0,0,0,0,0,0,0,0,0,0,0,0,0,0,0,0,0,0,0,0,0,0,0,0.087,0,0.877,0,0,3.4,61,187
0,0,0,0,0,0,0,0,0,0,0,0.45,0,0,0,0,0,0,0,0,0,0,0,0,1.81,0.45,0,0,0,0.9,0,0,0,0,0,0.45,0,0,0,0,0,0,0,0,0.45,0,0,0,0,0,0,0,0,0,1.444,5,104
0,0,0,0,0.44,0,0,0,0,0,0.44,0.89,0,0,0,0,0,0,1.78,0,0,0,0,0,0,0,0,0,0,0,0,0,0,0,0,0,0.89,0,0,0,0,0,0,0,0,1.33,0,0,0,0.139,0,0,0,0,1.731,16,116
0,0,0.15,0,0,0,0,0,0,0,0,0,0,0,0,0,0,0.15,0.62,0,0.31,0,0,0,1.56,0.31,0.93,0.15,0.15,0.15,0.15,0.15,0.46,0.15,0.15,0.15,0.31,0,0.31,0.15,0,0,0.31,0,0.31,0,0,0,0.078,0.235,0.052,0,0,0,1.945,12,323
0.34,0,0.69,0,0,0,0,0,0,0,0,0.69,0,0,0,0,0,0,2.09,0,0,0,0,0,0,0,0,0,0,0,0,0,0,0,0,0,0,0,0,0,0,0.69,0,1.39,0,0.34,0,0,0,0.374,0,0,0,0,1.775,5,71
0,0,2.5,0,0,0,0,0,0,0,0,0,0,0,0,0,0,0,0,0,0,0,0,0,0,0,0,0,0,0,0,0,0,0,0,0,0,0,0,0,0,2.5,0,0,0,0,0,0,0,0,0,0,0,0,1,1,15
0,0,0,0,0,0,0,0,0,0,0,0,0,0,0,0,0,0,0,0,0,0,0,0,0,0,0,0,0,0,0,0,0,0,0,0,3.03,0,0,0,0,3.03,0,0,3.03,3.03,0,0,0,0,0,0,0,0,1.47,5,25
0,0,0,0,0,0,0,0,0,0,0,0,0,0,0,0,0,0,0,0,0,0,0,0,0,0,20,0,0,0,0,0,0,0,0,0,0,0,0,0,0,0,0,0,0,0,0,0,0,0,0,0,0,0,1,1,5
0.39,0,0,0,1.17,0,0,0,0,0.39,0,1.17,0,0,0,0,0,0.39,3.12,0.39,1.17,0,0,0,0,0,0.39,0.78,0,0,0,0,0,0,0,0,0,0,0,0.39,0,0,0,0,0,0,0,0,0.07,0.07,0,0.07,0,0,2.069,13,89
0,4.1,0,0,1.36,0,0,0,0,0,0,0,0,0,0,0,0,1.36,6.84,0,1.36,0,0,0,0,0,2.73,0,0,0,0,0,0,0,0,0,0,0,0,0,0,0,0,0,1.36,0,0,0,0,0.21,0,0.42,0,0,1.387,7,43
0,0,0.55,0,0,0,0,0,0.55,0,0,0,0.55,0,0,0.55,0,0.55,0,0,0.55,0,0,0,0,0,0,0,0,0,0,0,0,0,0,0,0,0,0,0,0,0,0,0,0,0,0,0,0,0.093,0,0.563,0,0,2.928,55,82
0,0,0,0,0,0,0,0,0,0,0,0,0,0,0,0,0,0,0,0,0,0,0,0,8.69,0,0,0,0,0,0,0,0,0,0,0,4.34,0,0,0,0,1.44,1.44,0,1.44,0,0,0,0,0,0.222,0,0,0,5.357,28,150
0.7,0,1.05,0,0,0,0,1.4,0.35,0.35,0,0.35,0,0,0,2.1,0.7,0.35,2.1,3.15,2.1,0,0.35,1.4,0,0,0,0,0,0,0,0,0,0,0,0,0,0,0,0,0,0,0,0,0,0,0,0,0,0.116,0,0.348,0,0,1.166,13,189
0.42,0.46,0.38,0,0.19,0.11,0,0.07,0.58,0.62,0.34,0.77,0.5,1.32,0.03,0.23,0.54,0,3.06,0,1.51,0,0.38,0.46,0,0,0,0,0,0,0,0,0,0,0,0,0,0,0,0,0,0,0,0,0.03,0,0,0,0,0.076,0,0.438,0.585,0.127,6.134,153,2184
0,0,0,0,0,0,0,0,0,0,0,0,0,0,0,0,0,0,0,0,0,0,0,0,0.31,0,0,0.62,0,0.31,0,0,0,0,0.31,1.24,0,0,0,0,0.31,0,0,0.31,0,0,0,0,0,0,0,0,0,0,2.607,11,219
0,0,0.73,0,0.36,0,0,0,0,0,0,0.73,0,0,0,0.36,0.73,0,1.09,0,1.46,0.36,0.36,0,0,0,0,0,0,0,0,0,0,0,0,0,0,0,0,0.36,0,0,0,0,0,0,0,0,0,0,0,0.604,0.181,0,3.787,58,356
0,0,0,0,0,0,0,0,0,0,0,0.86,0,0,0,0,0,0,1.73,0,0.86,0,0,0,6.08,3.47,0.86,0.86,0.86,0.86,0.86,0.86,0,0.86,0.86,0.86,0.86,0,0,0.86,0,0,0.86,0,0.86,0,0,0,0,0.267,0.133,0.133,0,0,2.607,13,73
0,0,0.22,0,0,0,0,0,0,0,0,0.22,0,0,0,0,0,0,1.11,0,0.22,7.12,0,0,0,0,0,0,0,0,0,0,0,0,0,0,0,0,0.22,0,0,0,0,0,0,0,0,0,3.125,0,0,0.24,0,0.28,5.397,43,448
0,0,0,0,0,0,0,0,0,0,0,0,0,0,0,4,0,0,0,0,0,0,0,0,0,0,4,0,0,0,0,0,0,0,0,0,0,0,0,0,0,4,0,0,4,0,0,0,0,0,0,0,0,0,1.111,2,10
0,0,0,0,0.76,0.38,0.38,0.38,0,0,0.38,0,0,0,0,0.38,0,0,3.46,0,1.92,0,0,0,0,0,0,0,0,0,0,0,0,0,0,0,0,0,0,0,0,0,0,0,0.38,0,0,0,0,0,0,0.117,0,0,2.061,12,101
0,0,0,0,0,0,0,0,0,0,0,0,0,0,0,0,0,0,0,0,0,0,0,0,0,0,0,0,0,0,0,0,0,0,0,0,0,0,0,0,0,0,0,0,0,1.47,0,0,0,0.364,0,0,0,0,3.23,38,126
0,0,0,0,0.64,0,0,0,0,0,0.64,0.64,0,0,0,0,1.29,0,1.29,5.19,1.29,0,0,0.64,0,0,0,0,0,0,0,0,0,0,0,0,0,0,0,0,0,0,0,0,0,0,0,0,0,0.468,0,0.093,0,0,2.755,66,135
0,0,0,0,0,0,0,0,0,0,0,1.24,0,0,0,0,0,0,0,0,0,0,0,0,0,0,0,0,0,0,0,0,6.22,0,0,0,0,0,0,0,0,0,0,0,0,0,0,0,0,0,0,0,0,0,1.6,7,64
0.07,0.22,0.82,0,0.52,0,0.07,0,0.67,0.6,0.22,0.82,0.07,0,0.15,0,0.07,0,3.3,0.22,1.87,0,0,0.22,0,0,0,0,0,0,0,0,0,0,0.07,0,0,0,0,0,0,0,0,0,0,0,0,0,0,0.095,0,0.131,0.071,0.167,3.446,74,972
0,0,0.28,0,0,0,0,0.28,0.28,0.57,0,0.57,0,0,0,0,0,0,0,0,0.57,0,0,0,5.2,6.06,0,0,0,0,0,0,0,0,0,0,0,0,0,0,0,0,0,0,0.28,0,0.28,0,0,0.04,0,0,0,0,1.883,9,211
0,0,0,0,0,0,0,0,0,0,0,0,0,0,0,0,0,0,0,0,0,0,0,0,3.96,2.97,1.98,2.97,0.99,0.99,0.99,0.99,0,0.99,0.99,0.99,0,0,0,0.99,0,0,0.99,0,0.99,0.99,0,0,0,0.479,0,0.239,0,0,2.688,13,121
0,0,0,0,0,0,0,0,0,0,0,0,0,0,0,0,0,0,0,0,0,0,0,0,0,0,20,0,0,0,0,0,0,0,0,0,0,0,0,0,0,0,0,0,0,0,0,0,0,0,0,0,0,0,2,5,8
0,0,0,0,0.87,0,0.87,0,0,0,0,0,0,0,0,2.63,0,0.87,2.63,0,0,0,0,0,0,0,0,0,0,0,0,0,0,0,0,0,0,0,0,0,0,0,0,0,0,0,0,0,0,0,0,0.798,0.159,0,18.454,136,203
0,0.38,0.38,0,0,0.38,0,0,0,0.38,0,0.77,0,0,0,0,0,0,3.5,0,1.16,0,0,0,0,0,0,0,0.38,0,0,0,0,0,0,0,0,0,0,0,0,0,0,0,0,0,0,0,0,0.131,0.065,0,0,0,1.843,11,118
0.33,0.42,0.75,0,0,0.25,0,0.08,0.16,1.09,0.33,1.09,0.16,0,0,0.67,0.67,0.08,2.52,0,0.92,0,0,0.5,0,0,0,0,0,0,0,0,0,0,0,0,0,0,0,0.08,0,0,0,0,0.08,0,0,0,0.014,0.029,0,0.523,0.378,0,3.631,67,897
0,0,0,0,0,0,0,0,0,0,0,0,0,0,0,0,0,0,0,0,0,0,0,0,0,0,0,0,0,0,0,0,5.33,0,0,0.21,0,0,0,0,0,0,0,0,0,0,0,0,0.03,0.06,0,0,0,0,2.481,76,201
0,0,0,0,0.28,0.86,0,0,0,0,0,0.57,0.28,0,0,0,0.28,0,0.28,0,0.28,0,0,0,0,0,0,0,0,0,0,0,0,0,0,0,0,0,0,0,0,0,0,0,0,0,0,0,0.084,0.126,0,0,0,0,27.479,772,1319
0.12,1.76,0.63,0,0.88,0,0.12,0.5,0.25,3.9,0.5,0.88,0.12,0,0,0.25,0.12,0,2.9,0.25,1.38,0,1.13,0.12,0,0,0,0,0,0,0,0,0,0,0,0,0,0,0,0,0,0,0.12,0,0,0,0,0,0.019,0.379,0.159,0,0.119,0,4.155,38,507
0.22,0,0.22,0,0.67,0,0,0,0.22,0,0,0,0.22,1.34,0,0,0.44,0,0.67,0,1.56,0,0,0,0.44,0,0,0,0,0,0,0,0,0,0,0,0,0,0,0,0,2.23,0,0,0,0,0,0,0,0.156,0,0.134,0,0.156,3.08,121,693
0,0,0,0,0,0,0,0,0,0,0,2.15,0,0,0,0,0,0,1.07,0,0,0,0,0,5.37,1.07,0,0,3.22,0,1.07,0,0,0,0,0,1.07,0,0,0,0,3.22,1.07,0,0,0,0,0,0,0.388,0.194,0,0,0.194,2.666,13,104
0,0,0,0,0,0.61,0,0,0,0,0,0.61,0,0,0,0,0,0,1.85,0,0,0,0,0,0,0,0,0,0,0,0,0,0,0,0,0,0,0,0,0,0,0,0,0,0.61,0,0,0,0,0,0,0,0,0,1,1,35
0,0,0,0,0,0,0,0,0,0,0,0,0,0,0,0,0,0,7.89,0,0,0,0,0,0,0,0,0,0,0,0,0,0,0,0,0,0,0,0,0,0,0,0,0,2.63,0,0,0,0,0,0,0,0,0,1,1,12
0,0.95,0.95,0,0,0,0,0,0,0,0,0,0,0,0,0,0,0,0.47,0.47,1.9,0,0,0.47,0,0,0,0,0,0,0,0.47,0,0,0,0,0,0,0,0,0,0,0,0,0,0,0,0,0.066,0.2,0,0.267,0,0,4.18,45,464
0.13,0.13,0.13,0,0.55,0.27,0.27,0.13,1.1,0.27,0,0.97,0.27,0,0.13,0,0,0,3.88,0.13,2.77,0,0.13,0.55,0,0,0,0,0,0,0,0,0,0,0,0,0,0,0,0.13,0,0,0,0,0,0,0,0,0,0.017,0,1.316,0.177,0,4.947,232,757
0,0,0,0,0,0,0,0,0,0,0,0,0,0,0,0,0,0,0,0,0,0,0,0,0,0,0,0,0,4.16,0,0,4.16,0,0,0,0,0,0,0,0,0,0,0,4.16,0,0,0,0,0.704,0,0,0,0,1.428,4,10
0,0,0,0,0,0,0,0,0,0,0,0,0,0,0,0,0,0,2.04,0,0,8.84,1.36,0,0,0,0,0,0,0,0,0,0,0,0,0,0,0,0,0,0,0,0,0,0,0,0,0,0,0,0,0.125,0,1.126,7.054,37,261
0,14.28,0,0,0,0,0,0,0,0,0,0,0,0,0,0,0,0,0,0,0,0,0,0,0,0,0,0,0,0,0,0,0,0,0,0,0,0,0,0,0,0,0,0,0,0,0,0,0,0,0,0,0,0,1.8,5,9
0,0,0,0,0.43,0,0,0,0,0.65,0,0,0,0,0,0.43,0,0.21,0.21,0,0.43,6.75,0,0,0.21,0.21,0,0,0,0,0,0,0,0,0,0,0,0,0,0,0,0,0,0,0,0,0,0,0,0,0.073,0.146,0.146,0.183,6.233,99,642
0,0,0,0,0,0,0,0,0,0,0,1.74,0,0,0,0,0,0,2.9,0,0.58,0,0,0,0,0,0.58,0,0,0,0,0,0,0,0,0,0,0,0,0,0,0,0,0,0,0,0,0,0,0.201,0,0,0,0,1.794,6,70
0.23,0,0.47,0,0,0,0.23,0,0,0.47,0,0,0,0,0,0,0,0,1.17,0,0.23,0,0,0,1.64,0.7,0.7,1.17,0.23,0.23,0.23,0.23,0,0.23,0.23,0.7,0.47,0,0.23,0.23,0,0,0.47,0,0.7,0,0,0,0,0.237,0,0,0,0,2.42,12,334
0,0,0,0,0,0.17,0,0,0,0,0,0.52,0.17,0,0,0,0.69,0,0,0,0.17,0,0,0,1.04,0,0,0,0.34,0.34,0,0,0,0,0,1.04,0,0,0,0.17,0,0,0,0.52,0,0,0,0,0,0.055,0,0,0,0,1.685,7,204
0,0,0.64,0,0.64,0,0,0,0,1.29,0,0,0,0,0,2.59,0,0,3.24,0,0.64,0,0,0,0,0,0,0,0,0,0,0,0,0,0,0,0,0,0,0,0,0,0.64,0,0,0,0,0,0,0,0,0.574,0,0,5.833,30,105
0,14.28,0,0,0,0,0,0,0,0,0,0,0,0,0,0,0,0,0,0,0,0,0,0,0,0,0,0,0,0,0,0,0,0,0,0,0,0,0,0,0,0,0,0,0,0,0,0,0,0,0,0,0,0,1.8,5,9
0,0,0.78,0,0.78,0,0.52,0.52,0,1.04,0,0.26,1.56,0,0.78,0,0,1.56,2.08,0,1.56,0,0.52,0,0,0,0,0,0,0,0,0,0,0,0,0,0,0,0,0.52,0,0,0,0,0,0,0,0,0,0.08,0,0.443,0.402,0,2.41,19,241
0,0,0,0,0,0,0,0,0,0,0,0,0,0,0,0,0,0,0.86,0,0,6.92,0,0,0,0,0,0,0,0,0,0,0,0,0,0,0.43,0,0,0,0,0,0,0,0,0.43,0,0,3.885,0,0,0.073,0,0.439,5.754,43,328
0,0.81,1.47,0,1.3,0,0.98,0.98,0.32,1.79,0,0.81,0,0,0.32,0.49,0.65,0,0.98,0.16,1.3,0,0,0,0,0,0,0,0,0,0,0,0,0,0,0.16,0,0,0,0.16,0,0,0,0,0,0,0,0,0,0.247,0,0.179,0.674,0,2.922,113,640
0,0,1.78,0,0,0,0,0,0,0,0,1.78,0,0,0,0,0,0,1.78,0,0,0,0,0,0,0,0,0,0,0,0,0,0,0,0,0,0,0,0,0,0,0,0,0,0,0,0,0,0,0,0,1.351,0,0.27,32,75,160
0,0,0,0,0.63,0,0.31,0.63,0.31,0.63,0.31,0.31,0.31,0,0,0.31,0,0,3.18,0,0.31,0,0,0,0,0,0,0,0,0,0,0,0,0,0,0,0,0,0,0,0,0,0,0,0,0,0,0,0,0.135,0,0.135,0,0,3.537,40,191
0,0,0,0,0.49,0,0.98,0,0.49,0,0,0,0,0,0,0,0,0,1.47,0,2.46,0,0.49,0,0,0,0,0,0,0,0,0,0,0,0,0,0,0,0,0,0,0,0.49,0,0,0,0,0,0,0.466,0,0,0,0,2.373,12,197
0,0,0,0,0,0,0,0,0,0,0,0,0,0,0,0,0,0,0,0,0,0,0,0,0,0,33.33,0,0,0,0,0,0,0,0,0,0,0,0,0,0,0,0,0,0,0,0,0,0,0,0,0,0,0,1,1,3
0,0,0,0,0,0,0,0,0,0,0,0,0,0,0,0,0,0,0,0,0,0,0,0,0,0,0,0,0,0,0,0,0,0,0,0,0,0,0,0,1.44,0,1.44,0,2.89,1.44,0,0,0,0,0.227,0,0,0,1.64,12,41
0,0,0,0,0,0,0,0,0,0,0,0,0,0,0,0.81,0,0,4.09,0,0,0,0,0,0,0,0,0,0,0,0,0,0,0,0,0,0,0,0,0,0,0,0,0,0,0,0,0,0,0.176,0,0.706,0,0,8.411,55,143
0,0,0,0,0,0,0,3.33,3.33,0,0,0,0,0,0,0,3.33,0,0,0,6.66,0,0,0,0,0,0,0,0,0,0,0,0,0,0,0,0,0,0,0,0,0,0,0,0,0,0,0,0,0,0,0.396,0,0.396,3.714,11,26
0.3,0,0,0,0.3,0.3,0.61,0,0.61,0.61,0,0.61,0,0,0,0.3,0.3,0.61,1.84,0,0.92,0,0,0,0,0,0,0,0,0,0,0,0,0,0,0,0,0,0,0,0,0,0,0,0,0,0,0,0,0.051,0,0.103,0.051,0,6.125,64,343
0,0.49,0,0,0,0,0,0,0,0,0,0.49,0,0,0,0,0,0,2.94,0,1.47,0,0,0,0,0,0,0,0,0,0,0,0,0,0,0,0,0,0,0,0,0,0,0,0,0,0,0,0,0.241,0,0,0,0.08,1.77,21,85
0.13,0.4,0,0,0,0,0,0,0,0.53,0,0,0,0,0,0,0.13,0,0.8,0,0.53,0,0,0,0,0,0,0,0,0,0,0,0,0.13,0,0,1.2,0,0,0,0,0,0,0,0,0.53,0,0.13,0,0.25,0,0.014,0.427,0.044,5.473,143,1538
0,0,0.45,0,0.22,0.22,0,0,0.67,0.45,0.22,0.9,0,0,0,0.22,0,0,1.35,0,1.12,0.22,0.22,0.22,0,0,0,0,0,0,0,0,0,0,0,0.45,0,0,0,0,0,0,0,0,0,0,0,0,0.064,0.258,0,0.129,0.193,0,7.258,71,617
0,0,0,0,1.49,0,0,0,0,0,0,0,0,0,0,2.98,0,1.49,0,0,1.49,0,0,0,1.49,1.49,0,0,0,0,0,0,0,0,0,0,0,0,0,0,0,0,0,0,0,0,0,0,0,0,0,0,0,0,1.1,2,11
0,0.33,0.33,0,1.65,0.33,0.66,0,0,0.16,0.16,0.99,0,0,0,0.82,0.33,0.16,2.81,0,0.99,0,0.49,0.33,0,0,0,0,0,0,0,0,0.16,0,0,0,0,0,0,0,0,0,0,0,0,0,0,0,0,0.025,0.075,0.252,0.05,0.05,6.269,350,721
0.06,0,0.06,0,0.19,0,0,0,0.73,0,0,0.19,0,0,0,0,0,0.06,0.26,0,0.19,0,0,0,0.79,0.86,0.06,0,0,0.06,0,0,1.06,0,0,0,0,0,0,0,0.13,0,0,0,0,0,0.06,0,0.363,0.143,0.057,0,0.019,0,2.716,37,880
0,0,0,0,0,0,0,0,0,0,0,0,0,0,0,0,0,0,0,0,0,0,0,0,0,0,0,0,14.28,0,0,0,0,0,0,0,0,0,0,0,0,14.28,0,0,0,0,0,0,0,0,0,1.123,0,0,1.3,4,13
0.06,0,0.18,0,0.12,0.12,0,0,0.06,0.18,0,0.55,0.06,0,0,0.06,0.12,0.06,0.93,0.06,1.05,0,0,0,0.93,0.43,0,0,0,0.18,0.18,0,0,0,0.31,0,0.49,0,0,0.06,0,0,0,0.12,0,0,0,0.24,0,0.182,0,0.1,0.109,0,2.062,21,1056
0,0,1.23,0,0,0,0,0,0,0,0,0,0,0,0,0,0,0.61,1.85,0,0,0,0,0,0,0,0,0,0,0,0,0,0,0,0,0,0,0,0,0,0.61,0.61,0,0,1.23,0.61,0,0,0,0,0.406,0,0,0,1.666,13,70
0,0,2.12,0,1.06,0,0,0,0,0,0,2.12,0,0,0,0,0,0,5.31,0,1.06,0,0,0,0,0,0,0,0,0,0,0,0,0,0,0,0,0,1.06,0,0,2.12,0,0,0,0,0,0,0,0,0,0,0,0,1.238,4,26
0,0,0,0,0,0,0,0,0,0,0,0,0,0,0,0,0,0,0,0,0,0,0,0,0,0,0,0,0,0,0,0,0,0,0,0,0,0,0,0,0,0,0,0,0,0,0,0,0,0,0,0,0,0,1,1,3
0,0.42,0.21,0,0,0,0,0,0,0.42,0,0,0,0,0,0,0,0,1.26,0,0.21,8,0,0,0,0,0,0,0,0,0,0,0,0,0,0,0,0,0,0,0,0,0.21,0,0,0.42,0,0,4.385,0,0,0.071,0,0.503,6.822,43,614
0,0,4,0,0,0,0,0,0,0,0,0,0,0,0,0,0,0,4,0,0,0,0,0,0,0,0,0,0,0,0,0,0,0,0,0,0,0,0,0,0,0,0,0,0,0,0,0,0,0,0,0,0,0,1,1,6
0,0,0,0,0,0,0,0,0,0,0,0,0,0,0,0,0,0,0,0,0,0,0,0,0,0,0,0,0,0,0,0,0,0,0,0,0,0,0,0,0,0,0,0,0,5.88,0,0,0,0,0,0,0,0,1,1,7
0.1,0.1,0.7,0,0.6,0.2,0.4,0.1,1.41,0.8,0.1,0.6,0,0,0,0.1,0,1.01,2.22,0.4,2.02,0,0,0.3,0,0,0,0,0,0,0,0,0,0,0.1,0,0,0,0.1,0,0,0,0,0,0,0,0,0,0,0,0.265,0.977,0.397,0.033,3.16,56,1046
0,0,0,0,0,0,0,0,0,0,0,0,0,0,0,0,0,0,14.28,0,7.14,0,0,0,0,0,0,0,0,0,0,0,0,0,0,0,0,0,0,0,0,0,0,0,7.14,0,0,0,0,0,0,0,0,0,1,1,3
0,0.34,0,0,0.68,0,0.68,0,0,0.34,0.34,0,0,0,0,0.34,0,1.36,3.42,0,2.73,0,0,0,0.34,0.34,0,0,0,0,0,0,0.34,0,0,0,0,0,0,0,0,0,0,0,0,0,0,0,0,0,0,0.048,0.048,0,1.411,15,96
0,0,1.78,0,0.25,0.51,0,0,0,0.25,0,0.76,0.25,0,0,0,0,0,1.27,0,0.76,0,0,0,1.27,1.02,0,0.25,0.51,0.51,0,0,0,0,0.25,0,0,0,0,0,0,0,0,0,0,0,0,0.76,0.186,0.26,0,0,0,0.037,1.794,10,183
0,14.28,0,0,0,0,0,0,0,0,0,0,0,0,0,0,0,0,0,0,0,0,0,0,0,0,0,0,0,0,0,0,0,0,0,0,0,0,0,0,0,0,0,0,0,0,0,0,0,0,0,0,0,0,1.8,5,9
0,0,1.16,0,0,0,0,0,0,0,0.58,4.09,0,0,0,0,0,0,0,0,0,0,0,0,1.16,0,0,0,0,0,0,0,0,0,0,0.58,0,0,1.16,0,0,0,0,0,0,0,0,0,0.091,0,0,0,0,0,1.21,4,46
0.34,0,0,0,0,0,0,0,0.34,0.68,0,1.02,0,0,0,0,0,0,1.36,0,0.68,0,0,0,2.38,1.7,0.68,1.7,0.68,0.34,0.34,0.34,0,0.34,0.34,0.34,0.68,0,0.68,0.34,0,0,0.68,0,0.34,0,0,0,0.052,0.42,0.052,0,0,0.052,2.604,13,250
0,0,0,0,0,0.67,0,0.67,0,0,0,2.02,0,0,0,0,0,0,0,0,0,0,0,0,2.02,1.35,0,1.35,0,0,0,0,0,0,0.67,0,0,0,0,0,0,0,0,0,0,0,0,0,0,0.205,0,0,0,0,2.84,24,142
0,0.04,0.23,0,0.09,0,0,0.04,0.04,0.04,0.04,0.74,0,0,0,0.13,0.04,0.04,0.93,0,0.65,0,0,0,1.49,0.32,0,0.23,0,0.18,0.18,0,0,0,0.23,0,0.32,0,0.04,0.04,0,0.18,0,0.13,0,0,0,0.04,0.027,0.184,0,0.047,0.061,0,1.686,20,1184
0,0.24,0.72,0,0.24,0,0.12,0,0,0.36,0.12,0,0.12,0,0.12,0.12,0,0.6,0.36,0.12,0.6,0,0,0,0,0,0,0,0,0,0,0,0,0,0,0,0,0,0,0.12,0,0,0,0,0,0,0,0,0,0.018,0,0.34,0,0.018,5.634,158,1234
0.76,0.19,0.38,0,0.19,0.12,0,0.25,0.76,0.31,0.25,1.52,0.31,0.38,0,0.38,0.44,0.06,2.98,0.69,1.26,0,0.44,0.76,0,0,0,0,0,0,0,0,0,0,0,0,0,0,0,0.12,0,0,0.06,0,0,0,0,0,0,0.085,0.053,0.428,0.235,0.064,3.702,45,1070
0,0.32,0.32,0,0.16,0.16,0,0,0.16,0.32,0,0,0,0,0.32,0,0.32,0.32,0.8,0.32,2.08,0,0,0.16,0,0,0.16,0.64,0,0,0,0,0,0,0,0,0,0,0,0,0,0,0,0.16,0,0,0,0,0,1.309,0,0.022,0.377,0,3.918,157,772
0,0,0.38,0,0.38,0.38,0.38,0,0.38,1.94,0,1.16,0,0,0,0.38,0.77,0.77,2.72,0,1.16,0,0,0,0,0,0,0,0,0,0,0,0,0,0,0,0,0,0,0.38,0,0,0,0,0,0,0,0,0,0,0,0.057,0.057,0,7.121,70,235
0,0,0,0,0,0,0,0,0,0,0,0,0,0,0,0,0,0,0,0,0,0,0,0,0,0,0,0,0,0,0,0,0,0,0,0,0,0,0,0,0,0,0,0,0,0,0,0,0,0.331,0,0.331,0,0,1.714,4,24
0,0.17,0,0,0.17,0,0,0.35,0,0,0,0.88,0,0,0,0,1.95,0,0.17,0,0,0,0,0,0.35,0.17,0,0,0,0.17,0,0,0,0,0,0.35,0,0,0,0,0,0,0,0,0.53,0,0,0,0,0.256,0,0,0,0,2.097,14,237
0,0.34,0.68,0,0,0,0.34,0,0,0.34,0,0,0,0,0.34,0.68,0,1.37,1.03,0,1.03,0,0,0,0,0,0,0,0,0,0,0,0,0,0,0,0,0,0,0,0,0,0,0,0,0,0,0,0,0.094,0,0,0,0,3.131,13,119
0,1.16,0,0,0,0,0,0,0,0,0,0,0,0,0,0,0,0,1.16,0,0,0,0,0,0,0,1.16,0,0,0,0,0,1.16,0,0,0,0,0,0,0,0,0,0,0,1.16,0,0,0,0.196,0.393,0,0,0,0,1.058,2,18
0,0,0,0,0,0,0,0,0,0,0,0,0,0,0,0,0,0,3.17,0,0,0,0,0,3.17,0,0,0,0,0,0,0,0,0,0,0,0,0,1.58,0,0,0,0,0,1.58,1.58,0,0,0,0,0,0,0,0,2.071,14,29
0.09,0.49,0.59,0,0.29,0.19,0,0,0.09,0.39,0,1.59,0.19,0,0,0,0.09,0,3.67,0.09,1.09,0,0,0.09,0,0,0,0,0,0,0,0,0,0,0,0,0,0,0,0,0,0,0,0,0.09,0,0,0,0.766,0.037,0,5.836,1.31,0,5.792,54,753
0.1,0,0.1,0,0.1,0,0,0,0.94,0,0,0.31,0,0,0,0,0,0,0.41,0,0.2,0,0,0,0.52,0.62,0.1,0,0,0,0,0,1.15,0,0,0,0.1,0,0,0,0,0,0,0,0,0,0,0,0.132,0.251,0.029,0,0.029,0,2.784,32,490
0,0,0,0,0,0,0,0,0,0,0,2.23,0,0,0,0,0,0,0.74,0,0,0,0,0.74,0,0.74,0.74,0,0,0,0,0,0,0,0,0,0,0,0,0,0,0,0,1.49,0,0,0,0,0,0,0,0.124,0,0,2.333,31,77
0,0,0,0,0,0,0,0,0,5,0,0,0,0,0,0,0,0,0,0,0,0,0,0,0,0,0,0,0,0,0,0,0,0,0,0,0,0,0,0,0,0,0,0,0,0,0,0,0.317,0,0,0.952,0,0,4.823,13,82
1.24,0.41,1.24,0,0,0,0,0,0,0,0,0.41,0,0,0,0.41,0,0.82,3.73,0,1.24,0,0,0.41,0,0,0,0,0,0,0,0,0,0,0,0,0,0,0,0,0,0,0,0,0.41,0,0,0,0,0.065,0,0.461,0.527,0,3.166,19,114
0.21,0,0.21,0,0,0,0,0,0,0,0,0,0,0,0,0,0,0,0.42,0,2.11,0,0,0,2.32,0,0,0,0,0,0,0,0,0,0,0,0,0,0,0,0,0,0,0,0,0,0,0,0,0.084,0,0.028,0.084,0.084,4.11,62,411
0,0,0,0,0,0,0,0,0,0.84,0,0.84,0,0,0,0,0,0,2.54,0,1.69,0,0,0,0,0,0,0,0,0,0,0,0,0,0,0,0,0,0,0,0,0,0,0,0,1.69,0,0,0,0.134,0,0,0,0,1.285,5,27
0,0,0,0,0,0,0,0.42,0,0,0,1.28,0.42,0,0,0,0.42,0,0,0,0,0,0,0,2.57,0,0,0,0.14,0,0,0,0.14,0,0,0.28,0.28,0.14,0,0,0,0,0,0,0,0,0,0.14,0.08,0.242,0,0,0.04,0,2.275,20,421
0.33,0.16,0.16,0,1.35,0.67,0.16,0.33,0,0.16,0,0.84,0,0,0.33,1.52,0.33,0.16,2.88,0,2.37,0,0,0,0,0,0,0,0,0,0,0,0,0,0,0,0,0,0,0,0,0,0,0,0,0,0,0,0,0.113,0,0.028,0.084,0,4.971,40,532
0,0,0,0,0,0,0,0,0,0,0,0,0,0,0,0,0,0,0,0,0,0,0,0,0,0,0,0,0,0,0,0,0,0,0,0,0,0,0,0,0,0,0,0,0,0,0,0,0,0.729,0,0.729,0,0,3.833,9,23
0.25,0,0.51,0,0,0.25,0,0,0,0.12,0,0,0.25,0,0,0.25,0.25,0.38,1.78,0,0.51,0,0,0,0,0,0,0,0,0,0,0,0,0,0,0,0,0,0,0,0,0,0,0,0.38,4.34,0,0,0.019,0.019,0,0,0.038,0,1.642,17,207
0.7,0,1.06,0,0,0,0,1.41,0.35,0.35,0,0.35,0,0,0,2.12,0.7,0.35,2.12,3.18,2.12,0,0.35,1.41,0,0,0,0,0,0,0,0,0,0,0,0,0,0,0,0,0,0,0,0,0,0,0,0,0,0.117,0,0.353,0,0,1.209,13,196
0,0,0,0,0,0,0,0,0,0,0,0,0,0,0,0,0,0,0,0,0,0,0,0,8,4,4,4,4,4,4,4,0,4,4,4,0,0,0,4,0,0,0,0,0,0,0,0,0,1.117,0,0,0,0,3.333,11,30
0,0,0,0,0,0.4,0,0,0.4,0.4,0,0,0,0,0.4,0,0,0,1.22,1.22,0.4,0,0,0,0,0.4,0.4,0,0,0.4,0,0,0,0,0,0,0,0,0,0,0,0,0,0.81,0,0.4,0,0,0,0.065,0,0,0,0,1.84,8,81
0,0,0,0,0,0,0,0,0,0,0,0,0,0,0,0,0,0,0,0,0,0,0,0,0,0,9.09,0,0,0,0,0,0,0,0,0,0,0,0,0,0,0,0,0,0,0,0,0,0,0,0,0,0,0,1.714,5,12
0,0,0,0,0,0,0,0,0,0,0,1.62,0,0,0,0,0,0,0,0,0,0,0,0,0,0,0,0,0,0,0,0,0,0,0,0.81,0,0,0,0,0,0,0,0,0,0,0,0,0,0,0,0,0,0,1.578,5,60
0,0,0,0,0,0,0,0,0,0,0,0,0,0,0,0,0,0,2.77,0,0,0,0,0,0,0,0,0,0,0,0,0,0,0,0,0,0,0,0,0,0,0,0,2.77,2.77,0,0,0,0,0,0,0,0,0,1,1,8
0,0,0,0,0.82,0,0,0,0,0.82,0,0,0,0,0,0,0,0,1.65,0,0.82,0,0,0,0,0,0.82,0,0.82,0.82,0,0,3.3,0,0,0,0,0,0,0,0,0.82,0,0,1.65,0,0,0,0,0.301,0.15,0,0,0,1.678,5,47
0,0.37,0,0,0.37,0.37,0.37,0.74,0.37,0.37,0,0.74,0.37,0,0,0.37,1.49,0,3.73,2.61,1.49,0,0,0,0,0,0,0,0,0,0,0,0,0,0,0,0,0,0,0.74,0,0,0,0,0.37,0,0,0,0,0,0,1.199,0.505,0,3.337,64,267
0,0,0,0,0,0,0,0,0,0,0,1.92,0,0,0,1.92,0,0,3.84,0,1.92,0,0,0,0,0,0,0,0,0,0,0,0,0,0,0,0,0,0,0,1.92,0,0,0,1.92,1.92,0,0,0,0,0,0,0,0,1.611,5,29
1.03,0,0,0,1.03,0,0,0,0,0,0,0,0,0,0,0,0,0,1.03,0,1.03,0,0,0,0,0,0,0,0,0,0,0,0,0,0,0,0,0,0,0,0,3.09,0,0,0,0,0,0,0,0.185,0,0.37,0,0,2.277,11,41
0,0.64,1.29,0,0.32,0,0,0,0,0,0,0.64,0,0,0,0.32,0,1.29,2.59,0,1.29,0,0,0,0,0,0,0,0,0,0,0,0,0,0,0,0,0,0,0,0,0,0,0,0.32,0,0,0,0,0.053,0,0.531,0,0,4.337,121,334
0,0,0,0,0,0,1.04,0,0,0,0,1.04,0,0,0,0,1.04,0,3.66,0,2.09,0,0,0,0,0,0,0,0,0,0,0,0,0,0,0,0,0,0,0,0,0,0,0,0,0,0,0,0.061,0.246,0,0.615,0.061,0.061,3.318,59,146
0,7.01,0,0,0,0,0,0,0,0,0,0,0,0,0,0,0,0,1.75,0,1.75,0,0,0,0,0,3.5,0,0,0,0,0,0,0,0,0,1.75,0,0,0,0,0,1.75,0,1.75,0,0,0,0,0,0,0,0,0.286,1.826,13,42
0,0,0,0,0,0,0,0,0,0,0,0.32,0,0,0,0,0,0.32,1.28,0,0.32,0,0,0,4.48,3.52,0.96,0.96,0.64,0.32,0.32,0.32,0,0.32,0.64,0.32,0.32,0,0,0.32,0,0,0.32,0,0.96,0,0,0,0.264,0.211,0.105,0.052,0,0.105,2.258,15,192
0,0,0.16,0,0.64,0,0,0.16,0,0,0,1.91,0,0,0,0.16,0,0,3.04,0,1.76,0,0,0,0,0.32,0.32,0,0,0,0.16,0,0,0,0,0.16,0,0,0,0.16,0,0,0,0,0.32,0,0,0,0,0.055,0,0,0.055,0,1.798,7,196
0,0,0,0,0,0,0,3.57,0,0,0,0,0,0,0,0,0,0,7.14,0,0,0,0,0,0,0,0,0,0,0,0,0,0,0,0,0,0,0,0,0,0,0,0,0,0,0,0,0,0,0,0,1.554,0,0.518,2.111,15,38
0.1,0.1,0.03,0,0.07,0.03,0,0.03,0,0.1,0,0.53,0,0,0,0.17,0.03,0,0.81,0.03,1.35,0,0.1,0.17,0,0,0,0,0,0,0,0,0,0,0,0,0,0,0,0,0,0.03,0,0,0,0,0.03,0,0,0.071,0,0.006,0.065,0,2.106,46,3214
1.47,0,0,0,0,0,0,0,0,1.47,0,0,1.47,0,0,7.35,0,0,2.94,0,1.47,0,0,4.41,0,0,0,0,0,0,0,0,0,0,0,0,0,0,0,0,0,0,0,0,0,0,0,0,0,0,0,1.272,0.254,0,6.055,63,109
0.1,0,0.1,0,0,0,0,0,0.92,0,0,0.4,0,0,0,0,0.1,0,0.4,0,0.2,0,0,0,0.51,0.61,0.1,0,0,0,0,0,0.3,0,0,0,0.1,0,0,0,0,0,0,0.1,0,0,0,0,0.014,0.154,0.028,0,0.028,0,2.785,32,507
0.07,0.37,0.81,0,0.51,0.29,0.07,0,0.07,0.37,0.07,1.48,0.14,0,0.07,0,0.14,0.44,3.55,0,1.85,0,0,0.14,0,0,0,0,0,0,0,0,0,0,0,0,0.14,0,0,0,0,0,0,0,0,0,0,0,0.049,0.069,0,0.159,0.159,0.009,3.456,44,802
0,0.46,0,0,0,0,0,0,0,0,0,0.46,0,0,0,0,0,0,1.38,0,1.85,0,0,0,2.31,0.46,0,0,0,0.46,0,0,0,0,0,0,0.46,0,0.46,0,0,1.38,0,0,0,0,0,0,0,0.155,0,0,0,0,2.982,28,167
0.13,0.13,0.13,0,0.55,0.27,0.27,0.13,1.11,0.27,0,0.97,0.27,0,0.13,0,0,0,3.91,0.13,2.65,0,0.13,0.55,0,0,0,0,0,0,0,0,0,0,0,0,0,0,0,0.13,0,0,0,0,0,0,0,0,0,0.018,0,1.294,0.182,0,4.745,232,726
0,0,0,0,0,0,0,0,0,0,0,0,0,0,0,0,0,0,0,0,0,0,0,0,1.92,0,0,0,0,0,0,0,3.84,0,0,0,1.92,0,3.84,0,0,0,0,0,0,0,0,0,0,0,0,0.178,0,0,1.666,7,50
0,0,0.76,0,0.76,0,0.5,0.5,0,1.01,0,0.25,1.52,0,0.76,0,0,1.52,2.03,0,1.52,0,0.76,0,0,0,0,0,0,0,0,0,0,0,0,0,0,0,0,0.5,0,0,0,0,0,0,0,0,0,0.074,0,0.412,0.412,0,2.441,19,249
0,0.72,0,0,2.89,0,0,0,0,0,0.72,0.72,0,0,0,0,0,0,2.17,0,1.44,0,0,0,0,0,0,0,0,0,0,0,0,0,0,0,0,0,0,0,0,0,0,0,0,0,0,0,0,0,0,0,0,0,1.379,7,40
0,0,0,0,0,0,0,0,0,0,0,1.41,0,0,0,0,0,0,0.47,0,0.94,0,0,0,0.47,0,0,0,0,0,0,0,0,0,0,0,0.47,0,0,0,0,0,0,0,0,0,0,0,0,0.137,0,0.068,0,0,3.195,21,147
0,0.48,0.48,0,0.48,0,0,0.48,0,0,0,0.96,0,0,1.92,0,0.48,0.96,2.88,0,2.88,0,1.44,0,0,0,0,0,0,0,0,0,0,0,0,0,0,0,0,0.48,0,0,0,0,0,0,0,0,0,0.084,0,0.084,0.336,0,3.2,12,80
0,0,0,0,0,0,0,0,0,4.25,0,0,0,0,0,0,0,0,0,0,0,0,0,0,0,0,0,0,0,0,0,0,0,0,0,0,0,0,0,0,0,0,0,0,0,0,0,0,0.287,0,0,0,0,0,4.333,13,78
0,0,0,0,0,0,0,0,0,0,0,0,0,0,0,1,2,0,4,0,2,0,0,0,0,0,0,0,0,0,0,0,0,0,0,0,0,0,0,0,0,0,0,0,0,0,0,0,0,0.38,0,0,0,0,1.806,11,56
0,0,0,0,0,0,0,0,0,0,0,0,0,0,0,0,0,0,3.22,0,0,0,0,0,0,0,0,0,0,0,0,0,0,0,0,0,0,0,0,0,0,0,0,3.22,0,0,0,0,0,0,0,0.546,0,0,1.75,7,14
0,0,0,0,0,0,0,0,0,0,0,0,0,0,0,0,0,0,0,0,0,0,0,0,0,0,0,3.7,7.4,0,0,0,0,0,0,0,0,0,0,0,0,7.4,0,0,0,0,0,0,0,0,0,0,0,1.503,3.875,16,31
0,0,1.85,0,0,0,0,0,0,1.85,0,1.85,1.85,0,0,0,0,0,5.55,0,0,0,0,0,0,0,0,0,0,0,0,0,0,0,0,0,0,0,0,0,0,0,0,0,0,0,0,0,0,0,0,0.692,0,0,1.727,5,19
0.31,0,0,0,0.94,0,0,0,0,0,0.31,0,0,0,0,0.31,0,0.31,3.76,0.31,0.62,0,0,0.62,0,0,0,0,0,0,0,0,0,0,0.31,0,0,0,0,0,0,0,0,0,1.25,0,0,0,0,0.055,0,0.055,0.111,0,2.358,32,125
0.17,0.11,0.05,0,0.4,0.11,0,0.4,0,0,0,0.34,0.11,0,0,0,0,0,1.15,0,0.57,0,0.05,0,0.52,0,0,0,0,0,0,0,0.23,0,0.17,0,0.63,0,0,0,0,0,0,0.05,0,0,0,0,0.007,0.304,0,0.053,0.03,0,2.548,49,1134
0,0.11,0,0,0.11,0.22,0,0.11,0,0,0,1.32,0,0,0,0,0,0,0.22,0,0,0,0,0,0.99,0,0,0,0,0.22,0,0,0.11,0,0.11,0.44,0,0,0,0,0,0,0,0.11,0,0,0,0,0,0.047,0,0,0.031,0,1.614,12,339
0.4,0.18,0.32,0,0.25,0.18,0.03,1.01,0.4,0.4,0.1,0.72,0.65,0.36,0.25,0.54,0.36,0.36,3.05,0.14,1.41,0,0.29,0.76,0,0,0,0,0,0,0,0,0,0,0,0,0,0,0,0.03,0,0,0,0,0.07,0,0,0,0.012,0.042,0.073,0.337,0.141,0,3.305,181,1613
0,0,1.72,0,0,0,0,0,0,0,0,2.58,0,0,0,0,0,0,2.58,0,0,0,0,0,0,0,0,0,0,0,0,0,0,0,0,0,0,0,0.86,0,0.86,2.58,0,0,0.86,0,0,0,0,0.303,0,0.91,0,0,2.171,9,76
0.43,0.26,0.43,0,0.78,0.26,0,0.17,0.34,4.09,0.08,1.22,0.43,0,0.78,1.13,0.26,1.91,2.35,0,2.35,0,0.08,0.43,0,0,0,0,0,0,0,0,0,0,0,0.08,0,0,0,0.08,0,0,0,0,0,0,0,0,0.056,0.241,0.042,0.709,0.056,0,4.319,126,1123
0,0,0,0,0,0,0,0,0,0,0,0,0,0,0,0,0,0,1.78,0,0.89,0,0,0,0,0,2.67,0,0,0,0,0,0,0,0,0,0.89,0,0,0,0.89,0,0,0,0,0.89,0,0,0,0.15,0,0,0,0,1.85,15,37
0,0,0,0,0,0,0,0,0,0,0,0,0,0,0,0,0,0,0,0,0,0,0,0,0,0,0,0,0,0,0,0,0,0,0,0,0,0,0,0,0,0,0,0,14.28,0,0,0,0,0,0,0,0,0,1.25,2,5
0,0,0,0,0,0,0,0,0,0,0,0,0,0,0,0,0,0,0,0,0,0,0,0,0,0,0,0,0,0,0,0,0,0,0,0,0,0,0,0,0,0,0,0,0,0,0,0,0,0.1,0,0,0,0,2.5,33,125
0.26,0.72,0.85,0,0,0.19,0.06,0.33,0.72,0.46,0.72,0.79,0.19,1.05,0.06,0.59,0.19,0.33,3.5,0.06,1.52,0,0.06,0.06,0,0,0,0,0,0,0,0,0,0,0,0,0,0,0,0.06,0,0,0,0,0.06,0,0,0,0,0.131,0,0.101,0.101,0.202,4.398,79,1280
0,0,0,0,0,0,0,0,0,0,0,0.91,0,0,0,0,0,0.91,0.91,0,0.45,0,0,0,2.73,3.19,0.91,0.45,0,0,0,0,0,0,0.45,0,0.45,0,0,0,0,0,0,0,0,0,0,0,0.075,0.151,0,0,0,0,2.158,20,136
0,0,0,0,0,0,0,0,0,0,0,0,0,0,0,0,0,0,1.44,0,0,0,0,0,0,0,0,0,0,0,0,0,0,0,0,0,0,0,0,0,1.44,0,0,0,1.44,1.44,0,0,0,0,0,0.247,0,0,1.684,5,32
0,0,0,0,0,0.37,0,0,0,0,0,0.75,0.37,0,0,0,0.37,0,0,0,0,0,0,0,2.26,0,0,0,0,0,0,0,0,0,0,0,0.37,0,0,0,0,0,0,0,0,0,0,0,0,0.387,0,0,0.331,0,2.287,14,167
0,0,0.21,0,0,0,0,0.21,0,0.21,0,0,0,0,0,0,0,0.21,0,0,0,0,0,0,0.21,0.21,0,0.43,0,0,0,0,0.21,0,0.21,0,0.21,0,0,0,0,0,0,0,0,0,0,0,0,0.149,0,0,0,0,1.79,15,188
0,2.43,0,0,1.21,0,0.6,0,0.6,0,0,0,0,0,0,0,0,2.43,1.82,0,1.21,0,0,0,0,0,0,0,0,0,0,0,0,0,0,0,0,0,0,0,0,0,0,0,0,0,0,0,0,0,0,0,0,0,4.031,71,129
0,0,1.11,0,0,0,1.11,0,0,0,1.11,1.11,0,0,0,2.22,0,0,3.33,0,3.33,0,0,0,0,0,0,0,0,0,0,0,0,0,0,0,0,0,0,0,0,0,0,0,0,0,0,0,0,0.138,0,0.138,0.138,0,2.7,11,54
0,0,0,0,0,0,0,0,0,0,0,0,0,0,0,0,0,0,0,0,0,0,0,0,0,0,1.19,0,1.19,0,0,0,1.19,0,0,0,0,0,0,0,0,0,0,0,0,0,0,0,0,1.082,0,0,0,0.216,3.478,7,80
0,0,0,0,1.29,0,0,0,0,0,0,0,0,0,0,0.64,0,1.29,2.58,0.64,1.29,0,0,0,0,0,0,0,0,0,0,0,0,0,0,0,0,0,0.64,0,0,0,0,0,0,0,0,0,0,0.224,0,2.354,0,0,2.09,13,69
0,0,0,0,0,0,0,0,0,0.78,0,0,0,0,0,0,0,0,1.56,0,0,0,0,0,0.78,0.78,0,1.56,0,0,0,0,0,0,0,0.78,0,0,0,0,0,0,0,0,0,0,0,0,0,0.278,0,0,0,0,2.472,11,89
0,0,0.32,0,0.32,0,0,0,0,0,0,0.64,0,0,0,0,0,0,0.32,0,0,0,0,0,0.64,0.64,0,0,0,0,0,0,0,0,0,0.32,0.64,0,0,0,0,0,0,0,0,0,0,0,0,0.04,0,0,0,0,1.677,10,156
0.75,0,0,0,0,0,0.37,0,0,0.37,0,0,0,0,0,0,0.75,0,3.75,0,3.38,0,0,0,0.37,0,0,0,0,0,0,0,0,0,0,0,0,0,0,0,0,0,0,0,0,0,0,0,0,0.099,0.597,0,0,0,2.125,13,85
0,0,0,0,0,0,0,1.29,0,0.43,0,0,0,0,0,0.43,0,1.73,0.43,0,0.43,0,0,0,0,0,0,0,0,0,0,0,0,0,0,0.43,0,0,0,0,0,0,0,0,0,0,0,0,0,0.124,0,0.31,0.062,0,1.477,8,65
0,0,0,0,0,0,0,0,0,1.19,0,0,0,0,0,0,0,0,1.19,0,0,0,0,0,0,0,0,0,0,0,0,0,0,0,0,0,1.19,0,0,0,0,0,0,0,0,9.52,0,0,0,0,0,0,0,0,2.074,15,56
0,0,0,0,0,0,0,0,0,1.02,0,0,1.02,0,0,0,0,0,4.08,0,0,0,0,0,0,0,0,0,0,0,0,0,0,0,0,0,0,0,0,0,0,0,0,0,0,2.04,0,0,0,0,0,0.147,0,0,1.333,4,24
0,0,0,0,0,0,0,0,0,0.85,0,0.85,0,0,0,1.28,0,0,0.85,0,0.42,0,0,0,1.7,1.28,0.85,1.28,0.42,0.42,0.42,0.42,0,0.42,0.42,0.85,0.42,0,0,0.42,0,0,0.42,0,0.42,0,0,0,0,0.369,0.073,0,0,0,2.44,12,144
0,0,1.55,0,0,0.77,0,0.38,0,0,0.38,1.16,0,0,0,0.38,0,1.16,1.93,0,0.38,0,1.16,0.38,0,0,0,0,0,0,0,0,0,0,0,0,0,0,0,0,0,0,0,0,0,0,0,0,0,0.06,0,0.609,0.121,0,2.666,22,160
0,0,2.5,0,0,0,0,0,0,0,0,0,2.5,0,0,0,0,0,2.5,0,2.5,0,0,0,0,0,0,0,2.5,0,0,0,0,0,0,0,0,0,0,0,0,0,0,0,0,0,0,0,0,0,0,0,0,0,1.222,3,11
0,0,0.69,0,0,0,0,0,0,0,0,1.39,0,0,0,0,0,0,0,0,0,0,0,0,2.79,0,0,0,0,0,0,0,0.69,0,0,0,0,0,0,0,0,0,0,1.39,0,0,0,0,0,0,0,0,0,0,1.268,4,52
0.29,0.29,0,0,0.29,0,0,1.46,0,0,0,0.29,0,0,0,0.58,2.04,0.29,2.04,1.16,1.46,0,0,0,0,0,0,0,0,0,0,0,0,0,0,0,0,0,0,0,0,0,0,0,0,0,0,0,0,0,0,0.42,0.046,0.046,2.228,34,234
0,0,0,0,0,0,0,0,0,0,0,0,0,0,0,0,0,0,0,0,0,0,0,0,0,0,0,0,0,0,0,0,0,0,0.08,0,0,0,0,0,0,0,0,0,0.08,0,0,0,0,2.263,0,0,0,0,3.149,9,1310
0,0,0,0,0,0,0,0,0,0,0,0,0,0,0,0,0,0,0,0,0,0,0,0,0,0,0,0,0,0,0,0,0,0,0,0,0,0,0,0,0,0,0,0,1.44,0,0,0,0,0.196,0,0.392,0.196,0,5.466,22,82
0,0,0,0,0.82,0,0,0,0,0,0,1.65,0,0,0,0,0.82,0,0,0,0,0,0,0,0,0,0,0,0,0,0,0,0,0,0,0,0.82,0,0,0,0,0,0,3.3,0,0,0,0,0,0,0,0,0,0,2.06,8,68
0,0,0.39,0,1.17,0,0,0,0,0.78,0,0.39,0,0,0,0.39,0.78,0,2.73,0,1.17,0,0.39,0,0,0,0,0,0,0,0,0,0,0,0,0,0,0,0,0,0,0,0,0,1.17,0,0,0,0,0.062,0,0.869,0.186,0,4,78,256
0,0,0,0,0,0,0,0,0,0,0,0,0,0,0,0,0,0,0,0,0,15.43,0,0,0,0,0,0,0,0,0,0,0,0,0,0,0,0,0,0,0,0,0,0,0,0,0,0,0,0,0,0,0,1.118,17.481,49,472
0,0,0,0,0,0,0,0,0,0,0,0,0,0,0,0,0,0,0,0,0,0,0,0,0,0,0,0,0,0,0,0,0,0,0,0,0,0,0,0,7.14,0,0,0,0,7.14,0,0,0,0,0,0,0,0,5.5,10,11
0,0,0.6,0,0.6,0,0,0,0,0,0,0,0,0,0,0.6,0,0,2.4,0,0,0,0,0,0,0,1.2,0,0,0,0,0,0,0,0,0,0,0,0,0,0,0.6,0,0,0,0,0,0,0,0.11,0,0,0,0,1.074,3,29
0,0.46,0.46,0,1.4,0,0.46,1.86,0,0.93,0.46,0,0,0,0,1.86,0,0,0.93,0.46,1.4,0,0,0.46,0,0,0,0,0,0,0,0,0,0,0,0,1.4,0,0,0.46,0,0,0,0,0,0,0,0,0,0.071,0,0.571,0.214,0,4.63,64,213
0,0,0,0,0,0,0,0,0,0,0,0,0,0,0,0,0,0,1.62,0,0.81,0,0,0,0.81,0,2.43,0,0,0,0,0,0,0,0,0,0.81,0,0.81,0,0,0,0.81,0,0,0,0,0,0,0.135,0,0.406,0,0.135,1.958,17,94
0,0,0.58,0.58,0,0,0,0.29,0,0,0,0,0.29,0,0,0,0.29,0.58,2.91,0.87,1.74,0,0,0.29,0,0,0,0,0,0,0,0,0,0,0,0,0,0,0,0,0,0,0,0,0,0,0,0,0,0.43,0,1.434,0,0.047,3.281,64,361
0.17,0,0.17,0.17,1.43,0.34,0.05,0.05,0.05,0.05,0.05,0.51,0.28,0.05,0,0,0.69,0.05,4.2,0.23,1.03,0.17,0.74,0.05,0,0,0,0,0,0,0,0,0,0,0,0,0,0,0,0,0,0,0,0,0,0,0,0,0.01,0.05,0,0.02,0.161,0.03,2.093,51,536
0,0,0,0,0,0,0,0,0,0,0,0,0,0,0,0,0,0,1.88,0,0.47,0,0,0,2.83,2.35,1.88,2.35,1.41,1.41,0.47,0.47,0,0.47,1.41,0.47,0.47,0,0,0.47,0,0,0.47,0,1.41,0,0,0,0,0.144,0.072,0.072,0,0,2,13,168
0,0,0,0,0,0,0,0,0,0,0,0,0,0,0,0,0,0,8.95,0,0,0,0,0,0,0,1.49,0,0,0,0,0,0,0,0,0,0,0,0,0,0,0,0,0,0,0,0,1.49,0,0.262,0,0,0,0,1.625,7,26
0.44,0,0.88,0,0.44,1.32,0,0,0,0,0,0,0,0,0,0,0,0.44,1.76,0,2.2,0,2.2,0,0,0,0,0,0,0,0,0,0,0,0,0,0,0,0,0,0,0,0,0,0,0,0,0,0.222,0,0,0.444,0.37,0,2.413,16,140
0,0,0.33,0,0.08,0,0,0.16,0,0,0,1,0.08,0,0,0,0.25,0,0.16,0,0,0,0,0,2.68,0,0,0,0,0,0,0,0.08,0,0,0.08,0.08,0,0,0,0,0.25,0,0,0.16,0,0,0,0.134,0.089,0,0,0,0,2.432,24,557
0,0,0,0,0,0,0,0,0,0,0,0,0,0,0,0,0,0,4.76,0,0,0,0,0,0,0,0,0,0,0,0,0,0,0,0,0,0,0,0,0,0,0,0,0,0,0,0,0,0,0,0,0,0,0,1.6,3,8
0,0.25,0.75,0,1,0.25,0,0,0,0,0.25,0.25,1.25,0,0,0.25,0,1.25,2.51,0,1.75,0,0.25,0,0,0,0.25,0,0,0,0,0,0,0,0,0,0,0,0,0,0,0,0,0,0,0,0,0,0,0,0,0.042,0,0,1.204,7,118
0,0,0,0,0,0,0,0,0,0,0,0,0,0,0,0,0,0,0,0,0,0,0,0,0,0,20,0,0,0,0,0,0,0,0,0,0,0,0,0,0,0,0,0,0,0,0,0,0,0,0,0,0,0,1,1,5
0,0,0,0,0.61,0,0,0,0,0,0,0,0,0,0,0,0,0,0.61,0,0,0,0,0,0,0,1.85,0,0,0,0,0,0,0,0,0,0.61,0,0,0,0,0,0,0,0.61,0,0,0,0.196,0.098,0,0.098,0,0,1.312,6,63
0,0,0.76,0,0.76,0,0,0,0,0,0,0,0,0,0,0,0,0,0.76,0,0,0,0,0,0.76,0,1.52,0.76,0.76,1.52,0.76,0.76,0,0.76,0.76,0.76,0.76,0,0,0.76,0,0.76,0,0,2.29,0,0,0,0,0.254,0,0.127,0,0,1.755,11,79
0,0,0,0,0.68,0,0,0,0,0,0,0.34,0,0,0,0,0,0,0.34,0,2.04,0,0,0,0,0,0,0,0,0,0,0,0,0,0,0,0,0,0,0,0,0,0.34,0,0,0,0,0,0,0.051,0,0,0,0,1.062,4,137
0.62,0.62,0,0,0,1.86,0,0,0,0,0,0.62,0.62,0,0,0,0,0.62,2.48,0,1.86,0,0,0,0,0,0,0,0,0,0,0,0,0,0,0,0,0,0,0,0,0,0,0,0,0,0,0,0,0.327,0,2.295,0.218,0,5.166,28,155
0.08,0.08,0.76,0,0.85,1.02,0.25,0.17,0.59,0.08,0.17,0.59,0.17,0,2.21,0.25,0.08,0.93,1.61,0.17,0.42,0,0.85,0.08,0,0,0,0,0,0,0,0,0,0,0,0,0,0,0,0.08,0,0,0.17,0.08,0.08,0.08,0,0,0,0.065,0,0.403,0.117,0.013,7.484,669,1407
0,0,0,0,0,0,0,0,0,0,0,0,0,2.04,0,0,0,0,0,0,0,0,0,0,0,0,0,0,0,0,0,0,0,0,0,1.02,0,0,0,0,0,0,0,0,0,0,0,0,0,0.176,0,0.176,0.352,0,3.857,25,81
0.34,0.26,0.26,0,0.08,0.43,0.08,0.26,0.08,1.47,0.34,0.52,0.95,0,0.17,0.08,0,0,3.03,0,0.78,0,0.34,0.34,0,0,0,0,0,0,0,0,0,0,0,0,0,0,0,0,0,0,0,0,0.17,0,0,0,0,0.048,0,0.259,0.259,0.064,3.335,62,537
0,0,0,0,0,0,0,0,0,0,0,0,0,0,0,0,0,0,2.01,0,0.5,0,0,0,4.02,2.01,1,0.5,0.5,0.5,0.5,0.5,0,0.5,0.5,0.5,0.5,0,0.5,0.5,0,0,0.5,0,0.5,0,0,0,0,0.176,0.088,0,0,0,2.319,12,109
0,0,0,1.26,0,0,0.63,0,0,1.26,0,0,0,0,0,0.63,0,0,0.63,0,0,0,0,0,0,0,0,0,0,0,0,0,0,0,0,0,0,0,0,0,0,0,0,0,0,0,0,0,0.195,0,0,0.979,0,0.293,8.476,68,356
0.32,0.16,0.56,0,0.32,0.23,0.04,1.24,0.4,0.4,0.11,0.68,0.52,0.36,0.28,0.72,0.4,0.4,3.08,0.16,1.32,0,0.44,0.6,0,0,0,0,0,0,0,0,0,0,0,0,0,0,0,0.04,0,0,0,0,0.11,0,0,0,0.019,0.052,0.065,0.413,0.164,0,3.533,181,1643
0,0.25,0.5,0,0,0,0,0,0,0.5,0,0.63,0,0,0,0,0,0,0.38,0,0,0,0,0,0,0,0,0,0,0,0,0,0,0,0,0,0,0,0,0,0,0,0,0,0,0,0,0,0.018,0.129,0.092,0.018,0,0,8.021,66,746
0,0,1.83,0.91,0,0,0.45,0,0,0.91,0,0,0,0,0,2.75,0,0,1.83,0,0.91,0,0,0,0,0,0,0,0,0,0,0,0,0,0,0,0,0,0,0,0,0,0,0,0,0,0,0,0.134,0,0,2.077,0,0.134,12.176,338,621
0,0,0,0,0,0,0,0,0,2.32,0,0,0,0,0,2.32,0,0,2.32,0,0,0,0,0,0,0,0,0,0,0,0,0,0,0,0,0,0,0,0,0,2.32,0,0,0,0,2.32,0,0,0,0,0,0.375,0,0,1.444,5,13
0,0,0.52,0,0.52,0,0,0,0,2.11,0,0,0,0,0,0,0,0,0.52,0,0.52,0,0,0,1.58,1.05,1.05,0.52,0.52,0.52,0.52,0.52,0,0.52,0.52,0.52,0.52,0,0.52,0.52,0,0,0.52,0,0.52,0,0,0,0.171,0.513,0.085,0,0,0,2.225,13,158
0,0,0,0,1.05,0,0,0,0,0,0,0,0,0,0,0,0,0,1.05,0,0,0,0,0,0,0,1.05,0,0,0,0,0,0,0,0,0,0,0,0,0,0,0,0,0,0,0,0,0,0,0,0,0.181,0,0,2,7,22
0,0,0.68,0,0,0,0,0,0,0,0,0,0,0,0,0.68,0,0,0,0,0,0,0,0,0.68,1.36,0,0,0,0,0,0,0,0,0,0,0,0,0,0,0,0,0,0,0,0,0,0,0,0,0,0.309,0,0,1.6,4,32
0,0,0,0,0,0,0,0,0,3.33,0,0,0,0,0,0,0,0,3.33,0,3.33,0,0,0,0,0,0,0,0,0,0,0,0,0,0,0,0,0,0,0,0,0,0,0,3.33,0,0,0,0,0.558,0,0,0,0,1,1,6
0,0,0,0,0,0,0,2.5,0,0,0,0,0,0,0,0,1.25,0,0,0,0,0,0,0,0,0,0,0,0,0,0,0,0,0,0,0,0,0,0,0,0,0,0,0,1.25,0,0,0,0,0.182,0,0,0.182,0,3.545,21,78
0,0,0,0,0,0,0,0,0,0,0,0.99,0,0,0,0,0,0,0,0,0,0,0,0,0.49,0,0,0,0,0,0,0,0.49,0,0,0,0,0,0,0,0,0,0,0,0,0,0,0,0.07,0.28,0,0,0,0,1.363,5,30