0,0.55,0.55,0,2.23,0.55,0,0.55,0,0,0.55,0,0,0,0,0,0,1.11,1.67,0,2.23,0,0,0.55,0,0,0,0,0,0,0.55,0,0,0,0,0,0.55,0,0,0,0,0,0,0,0,0,0,0,0,0.265,0,0.088,0.353,0,2.571,11,108
0,0.9,0,0,0.9,0,0.9,0,0,0.9,0,0,0,0,0,1.81,0,1.81,1.81,0,0,0,0,0,0,0,0,0,0,0,0,0,0,0,0,0.9,0,0,0,0,0,0,0,0,0,0,0,0,0,0.319,0,1.492,0,19.829,5.3,66,106
0,0.66,0.66,0,0.33,0,0,0,0,0,0,0.66,0,0,0,0.33,0,1.32,2.64,0,1.32,0,0,0,0,0,0,0,0,0,0,0,0,0,0,0,0,0,0,0,0,0,0,0,0.33,0,0,0,0,0.053,0,0.583,0,0,4.024,121,326
0.03,0.05,0.03,0,0.09,0.05,0,0.01,0.16,0,0,0.09,0.01,0,0,0.01,0.01,0.01,0.07,0.01,0.05,0,0,0,0.56,0.58,0.01,0,0,0,0,0,1.43,0,0,0.05,0.49,0.03,0,0,0.03,0.01,0.01,0.07,0,0,0.01,0,0.221,0.129,0.063,0,0.005,0,3.364,66,3334
0.06,0.12,0.77,0,0.19,0.32,0.38,0,0.06,0,0,0.64,0.25,0,0.12,0,0,0.12,1.67,0.06,0.71,0,0.19,0,0,0,0,0,0,0,0,0,0,0,0,0,0,0,0,0,0,0,0,0.06,0,0,0,0,0.04,0.03,0,0.244,0.081,0,1.729,43,749
0,0,0,0,0,0,0,0,0,0,0,0,0,0,0,0,0,0,0,0,0,0,0,0,0,0,0,0,0,0,0,0,0,0,0,0,0,0,0,0,7.14,0,0,0,0,7.14,0,0,0,0,0,0,0,0,5.5,10,11
0,0,0,0,0,0,0,2.04,0,0,1.02,0,0,0,0,0,0,0,4.08,0,1.02,0,1.02,0,0,0,0,0,0,0,0,0,0,0,0,0,0,0,0,0,0,0,0,0,0,0,0,0,0,0,0,0.969,0,0,2.179,18,85
0,0,0,0,0,0,0,0,0,1.51,0,1.51,0,0,0,0,0,0,7.57,0,1.51,0,0,0,0,0,0,0,0,0,0,0,0,0,0,0,0,0,0,0,0,0,0,0,0,0,0,0,0,0,0,0,0,0,2.769,15,36
0,0.39,0.39,0,0.19,0,0,0.19,0,0,0.39,0.39,0,0,0,0.98,0.19,0.39,0.59,0,0.78,0,0.19,0,0,0,0,0,0,0,0,0,0,0,0,0,0,0,0,0.19,0,0,0,0,0,0,0,0,0,0.128,0,0.16,0.16,0,2.128,31,730
0,0,0,0,0,0,0,0,0,0,0,0.35,0,0,0,0,0,0,0.35,0,1.06,0,0,0,1.41,1.06,0.7,0.35,0.35,0.7,0.35,0.35,0.35,0.35,0.35,0.35,0.35,0,0,0.35,0,0,0.35,0,0.7,0,0,0,0,0.222,0.055,0,0,0,1.506,12,119
0,0,0,0,0,0.6,0.6,0,0,0,0.6,0,0,0,0,0,0,1.21,1.82,0,0,0,0,0,0,0,0,0,0,0,0,0,0,0,0,0,0,0,0,0,0,0,0,0,0,0,0,0,0,0.095,0,0,0,0,1.583,11,38
0,0,0,0,0,0,0,0,0,0,0,2,0,0,0,0,0,0,1,0,1,0,0,0,0,0,0,0,0,0,0,0,0,0,0,0,0,0,0,0,0,0,0,0,0,0,0,0,0,0.345,0,0,0,0,1.666,6,55
0,0,0,0,0,0.05,0,0.34,0,0,0.11,0.81,0.05,0.11,0,0,0.75,0,0,0,0,0,0.05,0,1.16,0,0,0,0,0,0,0,0.05,0,0,0.23,0.05,0,0,0,0,0,0,0,0,0,0,0,0.283,0.107,0,0,0.053,0,1.864,32,910
0,0,0.83,0,0.41,0,0,0,0,0,0,0,0.41,0,0,0,0,0,3.33,0,0,0,0,0,0,0,1.25,0,0,0,0,0.41,0,0.41,0,0,0,0,0,0,0,0,0,0,0.41,0,0,0,0,0.065,0,0.195,0,0,1.444,22,91
0,0,0,0,0,0,0,0,0,0,0,0,0,0,0,0,0,0,0,0,0,0,0,0,1.53,6.15,0,0,0,0,0,0,0,0,0,0,1.53,0,0,0,0,0,0,0,0,0,0,0,0,0,0,0,0,0,1.714,6,36
0,0,0,0,0,0,0,0,0,0,0.61,0.61,0,0,0,0,0,0,0,0,0,0,0,0,1.85,0,0,0,0,0.61,0,0,0.61,0,0,0.61,0.61,0,0,0,0,0.61,0,0,0,0,0,0,0.179,0,0,0,0,0,1.24,6,67
0,0,0,0,0.53,0,0,0.26,0,0,0,0.26,0.26,0,0,0.53,0,0,1.33,0,0,9.33,0.53,0.26,0,0,0,0,0,0,0,0,0,0,0,0,0,0,0,0,0,0,0,0,0,0,0,0,0,0,0,0.555,0,1.157,19.26,107,886
0,0,0,0,0.66,0,0,0,0,0,0,0,0,0,0,0,0,0,4.63,0,3.31,0,0,0,2.64,1.98,1.32,0.66,0.66,0.66,0.66,0.66,0,0.66,0.66,0.66,0,0,0.66,0.66,0,0,0,0,0.66,0,0,0,0,0.293,0,0,0,0,3.968,34,127
1.06,0,0.7,0,1.06,0,0.7,0,0,0.7,0,0.7,0,0,0.35,0.7,0,0,6,0,1.41,0,0.35,0.35,0,0,0,0,0,0,0,0,0,0,0,0,0,0,0,0,0,0,0,0,0.35,0,0,0,0,0,0,0.381,0.063,0,2.021,12,95
0,0,0,0,0,0.47,0,0,0,0.23,0,0,0,0,0,0,0,0,2.6,0,0,0,0,0,5.45,0,0.23,0,0,0,0,0,0,0,0,0,0.71,0,0,0,0,0,0.94,0,1.18,0,0,0,0.119,0.158,0.119,0,0,0,2.565,19,295
0.74,0,0,0,0,0,0,0,0,0,0,0,0,0,0,0,0,0,0,0,0,0,0.74,0,0,0,0,0,0,0,0,0,0,0,0,0,0.74,0,0,0,0,0,0,0,0.74,0,0,0,0.134,0.672,0,0,0,0,1.863,5,41
0,0,0,0,0,0,0,0,0,0,0,0,0,0,0,7.69,0,0,7.69,0,0,0,0,0,0,0,0,0,0,0,0,0,0,0,0,0,0,0,0,0,0,0,0,0,0,0,0,0,0,0,0,0,0,0,1,1,6
0,0,0.47,0,1.43,0,0,0,0,0,0,0.95,0,0,0,0.47,0.95,0,3.34,0,1.91,0,0.47,0,0,0,0,0,0,0,0,0,0,0,0,0,0,0,0,0,0,0,0,0,1.43,0,0,0,0,0.076,0,0.536,0.306,0,4.653,78,242
0,0,1.28,0,0,0,0,0,0,0,0,1.28,0,0,0,0,0,0,1.28,0,6.41,0,0,1.28,0,0,0,0,0,0,0,0,0,0,0,0,0,0,0,0,0,0,0,0,0,0,0,0,0,0,0,0,0.204,0,5.181,25,57
0,0.52,1.05,0,2.63,0.52,1.05,0,0,0,0.52,1.05,0,0,0,1.05,1.05,1.05,4.21,0,1.57,0,0.52,0,0,0,0,0,0,0,0,0,0.52,0,0,0,0,0,0,0,0,0,0,0,0,0,0,0,0,0,0.091,1.276,0.729,0.091,3.062,19,98
0,2.35,0,0,3.52,1.17,0,1.17,0,4.7,0,0,0,0,0,1.17,0,0,1.17,0,1.17,0,0,0,0,0,1.17,0,0,0,0,0,0,0,0,0,0,0,0,0,0,0,0,0,1.17,0,0,0,0,0.192,0,0,0,0,1,1,14
0,0,0,0,0,0,0,0,0,0,0,0,0,0,0,1.02,0,0,0,0,0,0,0,0,0,0,0,0,0,0,0,0,0,0,0,0,0,0,0,0,0,0,0,0,0,1.02,0,0,0,0.344,0,0.344,0.172,0,2.166,11,39
0,0,0,0,0,0,0,0,0,0,0,0,0,0,0,0,0,0,0,0,0,0,0,0,0,0,0,0,0,0,0,0,0,0,0,0,0,0,0,0,0,0,0,0,0,0,0,0,0,0,0,0,0,0,2,3,4
0,0,0.42,0,0.42,0,0.21,0,0,0,0.21,0.21,0,0,0,0,0,0.42,0.42,0,0.64,0,0,0,0,0,0,0,0,0,0,0,0,0,0,0.42,0,0,0,0,0,0,0,0,0,0,0,0,0,0.126,0,0.031,1.269,0.412,13.017,183,1484
0,0.38,0.38,0,0,0,0,0.38,0.38,0,0,0,0,0,0,0.38,0,0.38,0.38,2.67,0,0,0.76,0.38,0,0,0,0,0,0,0,0,0,0,0,0,0,0,0,0,0,0,0,0,0,0,0,0,0,0.35,0,0,0.35,0,2.162,8,80
0,0,0,0,0,0,0,0,0,1.4,0,0,0,0,1.4,0,0,0,0,0,0,0,0,0,1.4,1.4,0,0,0,0,0,0,0,0,0,0,1.4,0,0,0,0,0,1.4,0,0,0,0,0,0,0.205,0.205,0,0,0,4.533,21,68
0.52,0.42,0.35,0,0.14,0.03,0.03,0.1,0.56,0.8,0.28,0.7,0.56,1.19,0.03,0.24,0.45,0,3.19,0,1.43,0,0.38,0.63,0,0,0,0,0,0,0,0,0,0,0,0,0,0,0,0,0,0,0,0,0.07,0,0,0,0,0.077,0,0.453,0.543,0.119,6.305,286,2207
0.17,0,0.17,0,1.45,0.34,0.05,0.05,0.05,0.05,0.05,0.52,0.29,0.05,0,0,0.69,0.05,4.24,0.23,1.04,0,0.75,0.05,0,0,0,0,0,0,0,0,0,0,0,0,0,0,0,0,0,0,0,0,0,0,0,0,0.01,0.051,0,0.02,0.163,0,1.796,12,458
1.23,0,0,0,0,0,0,0,0,0,0,0,0,0,0,1.23,0,0.61,3.7,0,2.46,0,0,0,0,0,1.23,0,0.61,0,0,0,0,0,0,0,0,0,0,0,0,0,0,0,0,0,0,0.61,0,0.226,0,0,0,0,1.3,3,26
0,0,0,0,0,0,0,0,0,0,0,0,0,0,0,0,0,0,0,0,0,0,0,0,0,0,0,0,0,0,0,0,0,0,0,0,0,0,0,0,0,0,0,0,1.17,0,0,0,0,0.421,0,0.21,0.632,0,3.75,15,60
0,0,1.23,0,0,0,0,0,0,0,0,2.46,0,0,0,0,0,2.46,1.23,0,1.23,0,0,0,2.46,1.23,0,1.23,0,1.23,1.23,0,0,0,1.23,1.23,2.46,0,0,0,0,0,0,0,0,0,0,0,0,0.139,0,0.278,0,0,1.736,10,66
0,0,0,0,0,0,0,0,0,1.56,0,0,0,0,0,0,0,0,1.56,0,0,0,0,0,1.56,1.56,0,3.12,0,0,0,0,0,0,0,1.56,0,0,0,0,0,0,0,0,0,0,0,0,0,0.484,0,0,0,0,3,11,81
0.07,0.03,0.18,0,0.1,0.03,0,0,0.4,0,0,0.1,0,0,0,0,0,0.03,0.14,0,0.1,0,0,0,0.47,0.5,0.03,0,0,0,0,0,0.76,0,0,0,0.32,0,0,0,0.07,0,0,0,0,0,0,0,0.188,0.148,0.035,0,0.01,0,3.233,66,1387
0,0,0,0,0,0,0,0,0,0,0,0,0,0,0,0,0,0,0,0,0,0,0,0,6.06,3.03,3.03,3.03,3.03,3.03,3.03,3.03,0,3.03,3.03,3.03,0,0,0,3.03,0,0,0,0,0,0,0,0,0,0.9,0,0,0,0,2.75,11,33
0.68,0.11,0.11,0,0.45,0.11,0,0.57,0.79,2.73,0.34,0.11,0.22,0,0.45,0.11,0.68,0.45,3.07,0,1.71,0,1.82,1.14,0,0,0,0,0,0,0,0,0,0,0,0,0,0,0.11,0.11,0,0,0,0,0.11,0,0,0,0.067,0.118,0,0.388,0.236,0.016,9.827,164,1592
0,0,0,0,0,1.63,0,0,0,0,0,0,0,0,0,0,0,0,0,0,0,0,0,0,0,0,1.63,0,0,0,0,0,0,0,0,0,0,0,0,0,0,0,0,0,1.63,0,0,0,0,0,0,0,0,0,1.25,4,15
0,0.17,0,0,0,0,0.17,0.17,0,0.17,0,0,0,0.35,0,0,0,0,0,0,0.17,0,0.17,0,3.37,1.77,0,0,0,0.17,0,0,0,0,0,0,0,0,0.17,0,0,0,0,0,0.35,0,0,0,0.108,0.216,0.061,0.046,0.03,0,4.259,85,3318
0.35,0.35,0,0,0,0,0,0,0,0.35,0,0.35,0,0,0,0,0,0,1.42,0,0,11.42,0,0,0,0,0,0,0,0,0,0,0,0,0,0,0,0,0,0,0,0,0,0,0,0,0,0,3.672,0,0,0.06,0,0.481,7.464,43,418
0,0,0,0,0,0,0,0,0,0,0,2.9,0,0,0,0.58,0,0,0,0,1.74,0,0,0,2.32,0,0,0,0,3.48,0,0,0,0,0,0,0.58,0,0,0,0,0,0,0,0,0,0,0,0,0.165,0,0,0,0,1.7,12,68
0.34,0,0,0,0,0,0,0,0,0,0,0.69,0,0,0,0,0,0,3.12,0,0.69,0,0,0,0,0,0,0,0,0,0,0,0,0,0,0,0,0,0,0,0,0,0,0,0,0.34,0,0,0,0.432,0,0,0,0,1.526,11,87
0,0,0,0,0,0,0,0,0,0,0,0,0,0,0,0,0,0,0,0,0,0,0,0,0,0,0,0,0,0,0,0,0,0,0,0,0,0,0,0,0,0,0,0,0,0,0,0,0,0,0,0,0,0,1.142,2,8
0,0,0,0,0,0,0,0,0,0,0,0,0,0,0,0,0,0,0,0,0,0,0,0,0,0,0,0,0,0,0,0,0,0,0,0,0,0,0,0,5,0,0,0,0,0,0,0,0,0,0,0,0,0,4.4,16,22
0,0,0,0,0.53,0,1.07,0,0,0.53,0,0,0,0,0,0,0,1.61,1.07,0,0,0,0,0,0,0,0,0,0,0,0,0,0,0,0,0,0,0,0,0,0,0,0,0,0,0,0,0,0,0.336,0,0,0,0,2.333,14,119
0,0,0.46,0,1.39,0,0.93,0.93,0,0,0.46,0.93,0,0,0,1.39,0,0.46,0.93,0,0.46,0,0,0,0,0,0,0,0,0,0,0,0,0,0,0,0,0.46,0,0,0,0,0,0,0,0,0,0,0.069,0,0,0,0,0.069,1.442,8,75
0,0,0,0,0,0,0,0,0,0,0,0,0,0,0,1.61,0,0,0,0,0,1.61,0,0,0,0,0,0,0,0,0,0,0,0,0,0,0,0,0,0,0,0,0,0,0,0,0,0,0.714,0,0,0.238,0,0,4.333,11,104
0,0,0.6,0,0,0.6,0,0,0.6,0,0,1.8,0,0,0,0.3,0,0,2.7,0,1.2,0,0,0.6,0,0,0,0,0,0,0,0,0,0,0,0,0,0,0,0,0,0,0,0,0,0,0,0,0,0.094,0.047,0.189,0.141,0,1.932,31,201
0,0,0,0,0,0,0,0,0,0,0,3.22,0,0,0,0,0,0,0,0,0,0,0,0,0,0,0,0,0,0,0,0,0,0,0,0,0,0,0,0,3.22,0,0,0,0,3.22,0,0,0,0.526,0,0,0,0,1.571,3,11
0,0,0,0,0,0,0,0,0,0,0,0,0,0,0,0,0,0,0,0,0,0,0,0,0,0,0,0,0,0,0,0,0,0,0,0,0,0,0,0,0,0,0,0,0,0,0,0,0,0,0,0,0,0,1,1,3
0.02,0,0.15,0,0.24,0.31,0,0.04,0.22,0,0.02,0.08,0,0,0.02,0,0,0.02,0.08,0,0.06,0,0,0,0.44,0.47,0.02,0,0,0,0,0,0.11,0,0,0,0,0.02,0,0,0,0.02,0,0,0,0,0,0,0.185,0.15,0.044,0,0.006,0,2.838,52,2078
0,0,0,0,0,0.57,0,0,0,0,0,1.73,0,0,0,0,1.15,0,0.57,0,0,0,0,0,2.31,0,0,0,0.57,1.73,0,0,0,0,0,0.57,0,0,0,0,0,0,0,0,0.57,0,0,0,0,0.086,0,0,0,0,1.5,5,72
0,0,0,0,0.54,0,0,0,0,0,0,0.54,0,0,0,0,0,0,0.54,0,0.54,0,0,0,0,0,0,0,0,0,0,0,0,0,0,0,0,0,0,0,0,0,0,1.09,0,0.54,0,0,0,0,0,0,0,0,1,1,22
0,0,0,0.31,0.94,0,0,0.31,0,0.63,0,1.26,0,0,0,0,0,0,0.94,0,1.26,0,0,0,0,0,0,0.63,0,0,0,0,0,0,0,0.31,0,0,0,0,0,0,0,0,0,0,0,0,0,0.037,0,0.074,0,0,3.904,39,246
0,0,0,0,0.64,0,0.64,0,0,0,0,0.64,0,0,0,0,0,0,5.8,0,0.64,0,0,0,0,0,0,0,0,0,0,0,0,0,0,0,0,0,0,0,0,0,0,0,0.64,0,0,0,0,0,0,1.44,0,0,2.875,21,115
0.03,0.01,0.15,0,0.09,0.03,0,0.03,0.03,0.11,0,0.25,0.11,0.05,0.01,0.03,0.05,0.03,0.13,0,0.15,0,0.07,0,0,0,0,0,0,0,0,0,1.84,0,0,0.11,0.91,0,0,0.05,0.19,0.01,0.03,0.03,0,0.09,0,0.23,0.038,0.19,0,0.002,0.005,0,2.143,107,3168
0,0,0,0,0,0,0,0,0,0,0,0,0,0,0,0,0,0,1.88,0,0,0,0,0,0,0,0,0,0,0,0,0,0,0,0,0,0,0,0,0,0,0,0,0,1.88,0,0,0,0,0.35,0,0,0,0,1.461,6,19
0,0,0,0,0,0,0,0,0,0,0,0,0.6,0,0,0,0,0,0.6,0,1.21,0,0,0,0,0,3.03,0,0,0,0,0,0,0,0,0,1.21,0,1.21,0,0,0,1.21,0,1.21,0,0,0,0,0,0.1,0,0,0,1.535,13,86
0,0,0,0,0,0,0,0,0,0,0,0,0,0,0,0,0,0,2.46,0,1.23,0,0,0,0,0,1.23,0,0,0,0,0,0,0,0,0,0,0,0,0,0,0,0,0,0,0,0,0,0,0,0,0,0,0,1.062,2,17
0,0,0,0,0,0.14,0,0,0,0.14,0,0,0,0,0,0,0,0.29,0.74,0,0.14,0,0,0,0.14,0.14,0.59,0,0,0,0,0,0.14,0,0,0,0.59,0,0,0,0,0,0,0,0.44,0,0,0,0,0.297,0,0,0,0,1.803,27,238
0,0,0,0,0,0,0,0,0,0,0,0,0,0,0,0,0,0,0,0,0.64,8.33,0,0,0,0,0,0,0,0,0,0,0,0,0,0,0,0,0,0,0,0,0,0,0,0,0,0,0,0,0,0.233,0,0.233,9.5,84,323
0,0,0,0,0,0,0,0,0,0,0,1.58,0,0,0,0,0,0,0,0,0,0,0,0,0,0,0,0,0,0,0,0,4.76,0,0,0,0,0,0,0,0,0,0,6.34,0,0,0,0,0,0,0,0,0,0,1.259,3,34
0,0,0,0,0,0,0,0,0,3.57,0,1.78,0,0,0,0,0,0,1.78,0,0,0,0,0,0,0,0,0,0,0,0,0,0,0,0,0,0,0,0,0,0,0,0,0,0,0,0,0,0.252,0,0,0.757,0,0,4.157,13,79
0,0,1.49,0,0,0.37,0,0,0,0,0,0.74,0.37,0,0,0,0,0,2.24,0,0.74,0,0,0,0,0,0,0,0,0,0,0,0,0,0,1.49,0,0.37,0,0,0,0,0,0,0,0,0,0,0,0.06,0,0,0,0,1.79,5,111
0,0,0,0,0,0,0,0,0,3.92,0,0,0,0,0,0,0,0,1.96,0,0,0,0,0,0,0,0,0,0,0,0,0,0,0,0,0,0,0,0,0,0,0,0,0,0,0,0,0,0,0,0,0,0,0,1.55,3,31
0,0,0.35,0,0.35,0.71,0,0,0,0,0,0.71,0,0,0,0,0,0,0.71,0,0.35,0,0,0,0,0,0,0,0,0,0,0,0.35,0,0,0,0.35,0,0.35,0,0,0,0.35,0,0.35,0,0,0,0,0.124,0,0.372,0,0,1.641,12,110
0.03,0.03,0,0,0,0,0,0,0.06,0.09,0.03,0.15,0,0,0,0,0.03,0.12,0.03,0,0,0,0,0,0.46,0.27,0,0,0.03,0.06,0,0,0,0,0,0.03,0.15,0,0,0,0.36,0,0.03,0,0.12,1.19,0,0,0.024,0.178,0,0.128,0,0,3.427,49,1827
0.1,0,0,0,0,0.1,0,0,0,0,0,1.66,0.1,0.31,0,0,0.41,0,0,0,0,0,0,0,2.07,0,0,0,0,0.1,0,0,0,0,0,0.1,0.2,0,0,0,0,0,0,0,0,0,0,0,0,0.117,0,0,0.043,0,2.272,24,525
0,0.22,0.22,0,0.45,0,0.22,0,0,1.82,0,0.68,0,0,0,0.68,0.22,0,2.05,0.45,1.59,0,0,0,0,0,0.22,0,0,0,0,0,0,0,0,0,0.91,0,0,0,0,0,0,0,0,0,0,0,0,0.101,0,0.135,0.067,0,2.5,27,210
0,0,0,0,0,0,0,0,0,0,0,0,0,0,0,0,0,0,0,0,2.11,0,0.7,0,0,0,0,0,0,0,0,0,0,0,0,0,0,0,0,0,0,0,0,0,0,0,0,0,0,0,0,1.975,0.37,0,35.461,95,461
0.41,0,0.61,0,0.41,0.61,0,0.82,0.2,0.2,0.2,1.44,0,0,0,0.41,1.03,0.2,1.65,1.65,3.09,0,0.2,0.61,0,0,0,0,0,0,0,0,0,0,0,0,0,0,0,0,0,0,0,0,0,0,0,0,0,0.099,0,1.689,0.132,0,4.913,102,565
0,0,0,0,0,0,0,0,0,0,0,1.81,0,0,0,0,0,0,1.81,0,0,0,0,0,0,0,0,0,0,0,0,0,0,0,0,0,0,0,0,0,0,0.9,0,0,0,0,0,0,0,0.159,0,0,0.159,0,1.515,5,50
0.76,0,0.38,0,0.12,0.25,0,0.12,0.12,0,0,0.25,0.38,0,0,0.38,0,0.25,2.92,0,2.92,0,0,0.38,0,0,0,0,0,0,0,0,0,0,0.12,0,0,0,0,0,0,0,0,0,0,0,0,0,0,0.022,0,0.661,0.088,0,2.256,21,325
0.23,0,0.23,0,0.69,0,0,0,0,0,0,1.38,0,0,0,0,0,0,0.23,0,0,0,0,0,0.23,0.23,0,0,0,0,0,0,0.23,0,0,0,0,0,0,0,0,0,0,0.23,0,0,0,0,0,0.066,0,0,0,0,1.412,9,89
0,2.12,0,0,0,0,0,0,0,2.12,0,2.12,0,0,0,0,0,0,6.38,0,0,0,0,0,0,0,0,0,0,0,0,0,0,0,0,0,0,0,0,0,0,0,0,0,2.12,0,0,0,0,0,0,0,0,0,2.692,21,35
0,0,1.96,0,0,0,0,0,0,0,0,0,0,1.96,0,0,0,0,1.96,0,1.96,0,0,0,0,0,0,0,1.96,0,0,0,0,0,0,0,0,0,0,0,0,0,0,0,0,0,0,0,0,0,0,0,0,0,2.142,11,30
0,0,0,0,0,0,0,0,0,0,0,0,0,0,0,0,0,0,0,0,0,0,0,0,0,0,1.36,0,0,0,0,0,3.4,0,0,0,0,0,0,0,0,0,0,0,0,0,0,0,0,0,0,0,0,0,1.526,7,87
0,0,0,0,0,0,0,0,0,0,0,0,0,0,0,0,0,0,0,0,0,0,0,0,0,0,0,0,0,0,0,0,0,0,0,0,0,0,0,0,0,0,0,4.16,0,0,0,0,0,0,0,0,0,0,1.666,3,10
0,0,0,0,0,0,0,0,0,0,0,0,0,0,0,0,0,0,0,0,0,0,0,0,0,0,0,0,0,0,0,0,0,0,0,0,0,0,0,0,0,0,0,0,0,0,0,0,0,0,0,0,0,0,1,1,3
0,1.17,0,0,0,0,0,0,1.17,0,0,0,0,0,0,0,0,0,0,0,0,0,0,0,0,1.17,2.35,0,0,0,0,0,0,0,0,0,1.17,0,0,0,0,0,0,0,0,0,0,1.17,0.376,0,0,0,0,0,2.925,16,117
0,0,0,0,0,0,0,0,0,0,0,0,0,0,0,0,0,0,0.43,0,0.86,0,0,0,6.03,3.44,0.86,0.43,0.43,0.43,0.43,0.43,0,0.43,0.43,0.43,0.86,0,0.43,0.43,0,0,0.43,0,0.43,0,0,0,0,0.13,0.065,0.065,0,1.043,2.983,40,179
0.77,0.38,0.77,0,0,0.57,0,0.57,1.15,1.34,0,0.38,0.38,0,1.15,0.19,0.19,1.92,2.11,1.15,1.15,0,1.34,0.77,0,0,0,0,0,0,0,0,0,0,0.19,0,0,0,0,0,0,0,0,0,0,0,0,0,0.027,0.027,0,0.438,0.191,0.054,14.619,525,921
0.13,0.26,0.52,0,0.26,0,0.13,0,0,0.39,0.13,0.13,0.13,0,0.26,0.13,0,0.78,0.39,0.13,0.52,0,0,0,0,0,0,0,0,0,0,0,0,0,0,0,0,0,0,0,0,0,0,0,0,0,0,0,0,0,0,0.366,0,0.04,7.138,149,1235
0,0,2.32,0,0,0,0,0,0,2.32,0,0,0,0,1.16,0,0,0,2.32,0,0,0,0,0,0,2.32,0,0,0,0,0,0,0,0,0,0,0,0,0,0,0,0,1.16,0,1.16,0,0,0,0,0.204,0,0,0,0,1.75,11,35
0,0,0,0,0,0,0,0,0,0,0,0,0,0,0,0,0,0,0,0,0,0,0,0,0,0,25,0,0,0,0,0,0,0,0,0,0,0,0,0,0,0,0,0,0,0,0,0,0,0,0,0,0,0,2,4,6
0.08,0.08,0.35,0,1.52,0.17,0.08,0,0.35,0.17,0,1.43,0,0.08,0,0.53,0.08,0,3.58,0,0.89,0,0.08,0.17,0,0,0,0,0,0,0,0,0,0,0,0,0,0,0,0,0,0,0,0,0,0,0,0,0,0.054,0.068,0.369,0.109,0.027,4.911,119,1277
0,0,0,0,0,0,0,0,0,0,0,0,0,0,0,0,0,0,4.76,0,0,0,0,0,0,0,4.76,0,0,0,0,0,0,0,0,0,0,0,0,0,0,0,0,0,4.76,0,0,4.76,0,0,0,0,0,0,1.8,5,9
0,0,0,0,0,1.09,0,0,0,0,0,0,0,0,0,0,0,0,2.19,0,0,0,0,0,0,0,0,0,0,0,0,0,0,0,0,0,0,0,0,0,0,0,0,0,0,0,0,0,0,0.403,0,3.427,0,0,2.678,12,75
0,0,0,0,0,0,0,0,0,0,0,0,0,0,0,0,0,0,0,0,0,0,0,0,0,0,0,0,0,0,0,0,0,0,0,0,0,0,0,0,0,10,0,0,0,0,0,0,0,0,0,0,0,0,1.666,3,5
0,3.03,0,0,0,0,0,0,0,3.03,0,0,0,0,0,0,0,0,3.03,0,0,0,0,0,0,0,0,0,0,0,0,0,0,0,0,0,0,0,3.03,0,0,0,0,0,3.03,0,0,0,0,0,0,0,0,0,2.769,21,36
0,0,1.21,0,0,0,0,0,0,0,0,0,0,0,0,0,0,0,1.82,0,0.6,0,0,0,0,0,0,0,0,0,0,0,0,0,0,0,0,0,0,0,0,0,0,0,1.21,0,0,0,0,0.371,0,0,0,0,1.967,13,61
0,0,0,0,0.27,0,0,0.55,0,0.55,0,0.55,0,0,0,0,0,0,0,0,0,0,0,0,6.64,4.15,0.83,0.27,1.66,0.27,0.27,0.27,0,0.27,0.27,0.27,1.38,0,0,0.27,0,0.27,0.27,0,0.55,0,0,0,0.183,0.549,0.137,0,0,0,4.257,57,430
0.25,0,0,0,0.25,0.25,0,0,0,0,0,0.51,0,0.25,0,0,0,0.25,0.51,0,0.25,0,0,0,0,0.25,0,0,0,0,0,0,0.25,0,0,0,0,0,0,0,0.25,0,0,0,0,0.25,0,0.25,0,0.082,0,0,0,0.041,1.287,4,85
0,0,0,0,3.07,0,0,0,0,0,0,4.61,0,0,0,0,0,0,0,0,1.53,0,0,0,0,0,0,0,6.15,0,0,0,0,0,0,0,0,0,0,0,0,6.15,0,0,0,0,0,0,0,0,0,0,0,0,1.529,4,26
0.15,0.1,0,0,0.3,0.15,0,0.3,0,0,0,0.6,0,0,0,0,0,0,2.06,0,0.85,0,0.05,0,0.2,0,0,0,0,0,0,0,0.25,0,0.15,0,0.35,0,0,0,0,0,0,0.05,0,0,0,0,0.073,0.234,0,0.073,0,0,2.206,49,1026
0,0,0,0,0.57,0,0,0,0,0,0,1.71,0,0,0,0,0,0.57,0,0,0,0,0,0,1.71,0.57,0,0.57,0,0.57,0,0,0,0,0.57,0.57,0,0,0,0,0,0,0,0,0,0,0,0,0,0.077,0,0,0,0,1.947,12,111
0,0,0,0,5,0,0,0,0,0,0,0,0,0,0,0,0,0,0,0,0,0,0,0,0,0,0,0,0,0,0,0,0,0,0,0,0,0,0,0,0,0,0,0,0,0,0,0,0,0,0,0,0,0,3.5,9,21
0.97,0,0,0,0.48,0,0,0,0,0,0,0,0,0,0,0.48,0,0,2.42,0,0,0,0,0,0,0,0,0,0,0,0,0,0,0,0,0,0,0,0,0,0,0.48,0,0,0.48,0.97,0,0,0,0.15,0,0,0,0.075,3.367,21,165
0.34,0.05,0.58,0,0.63,0.17,0,0,0.75,0.23,0.34,1.27,0.34,0,0,0.58,0.05,0.17,3.01,2.61,1.5,0,0.17,0.34,0,0,0,0,0,0,0,0,0,0,0,0,0,0,0,0,0,0,0,0,0,0,0,0,0,0.204,0,0.13,0.186,0.027,4.225,131,1107
0,0,0,0,0,0,0,0,0,0,0,0,0,0,0,0,0,0,0,0,0,0,0,0,0,0,0,0,0,0,0,0,0,0,0,0,0,0,0,0,0,0,0,0,2.77,0,0,0,0.442,0,0,0,0,0,1.363,3,15
0,14.28,0,0,0,0,0,0,0,0,0,0,0,0,0,0,0,0,0,0,0,0,0,0,0,0,0,0,0,0,0,0,0,0,0,0,0,0,0,0,0,0,0,0,0,0,0,0,0,0,0,0,0,0,1.8,5,9
0,0,0.37,0,1.13,0,0,0,0,0.75,0,1.13,0,0,0,0,0,0,2.65,0,0,0,0,0,0,0,0,0,0,0,0,0,0,0,0,0,0,0,0,0,0,0,0,0.37,0,0,0,0,0,0,0,0,0,0,1.264,4,43
1,0,0.33,0,0.66,0.66,0,0,0,0,0,0.33,0.66,0,0,0.66,0.66,0,2.33,0,0.33,0,1.66,0.33,0,0,0,0,0,0,0,0,0,0,0,0,0,0,0,0,0,0,0,0,0,0,0,0,0,0.06,0,0.12,0.541,0,5.428,21,304
0,0,0.5,0,0,0.5,0,0,0,0,0,0,1,0,0,0,0,0,2,0,0,0,0,0,0,0,0,0,0,0,0,0,0,0,0,0,0,0,0,0,0,0,0,0,1,0.5,0,0,0,0,0,0,0,0,2.527,47,91
0,6.34,0,0,0,0,0,0,0,0,0,0,0,0,0,0,0,0,1.58,0,0,0,0,0,1.58,1.58,1.58,1.58,1.58,1.58,1.58,3.17,0,3.17,1.58,1.58,0,0,0,1.58,0,0,0,0,0,0,0,0,0,0.431,0,0,0,0.215,3.461,12,90
0,0,0.82,0,0,0,0,0,0,0,0,0,0,0,0,0,0,0,0.41,0,0,0,0,0,0,0,0,0,0,0,0,0,0,0,0,0,0,0,0,0,0,0,0,0,0.41,7.88,0,0,0.109,0,0,0.054,0,0,1.786,14,134
0,0,0,0,0,0,0,0,0,0,0,0,0,0,0,0,0,0,0,0,0,0,0,0,0,0,0,0,0,0,0,0,0,0,0,0,0,0,0,0,0,0,0,0,0,0,0,0,0,0,0,0,0,0,1,1,3
0,14.28,0,0,0,0,0,0,0,0,0,0,0,0,0,0,0,0,0,0,0,0,0,0,0,0,0,0,0,0,0,0,0,0,0,0,0,0,0,0,0,0,0,0,0,0,0,0,0,0,0,0,0,0,1.8,5,9
0,0,0.86,0,0,0,0,0,0,0,0.86,0.86,0,0,0,0,0,0.86,6.95,0,4.34,0,0,0,0,0,0.86,0,0,0,0,0,0,0,0,0,0,0,0,0,0,0,0,0,0,0,0,0,0,0,0,0,0,0,1.047,2,22
0.4,0,0.81,0,0,0.4,0,0,0,0,0,0.81,0,0,0,0,0,0,1.63,0,0.4,0,0,0,0,0,0.81,0,0,0.4,0,0,0,0,0,0,0,0,0,0,0,0,0.4,0,0.4,0,0,0,0,0.071,0,0,0,0,1.156,3,59
0,0,0,0,0,0,0,0,0,1.36,0,0,0,0,1.36,0,0,0,0,0,0,0,0,0,1.36,1.36,0,0,0,0,0,0,1.36,0,0,0,1.36,0,0,0,0,0,1.36,0,0,0,0,0,0,0.404,0.202,0,0,0,3.533,17,53
0.47,0,0.95,0,0.95,0,0.95,0,0,0,0,0.47,0,0,0,0.47,0.47,0,4.28,0,0.95,0,1.42,0,0,0,0,0,0,0,0,0,0,0,0,0,0,0,0,0,0,0,0,0,0.47,0,0,0,0,0.076,0,1.306,0.23,0,6.027,91,217
0,0,0,0,0,0,0,0,0,0,0,0,0,0,0,0,0,0,0,0,0,0,0,0,0,0,0,0,0,0,0,0,7.4,0,0,0,0,0,0,0,0,0,0,0,0,0,0,0,0,0,0,0,0,0,1.714,3,12
0.3,0,0.3,0,0,0,0,0,0,0,0,0.15,0,0,0,0,0,0.15,1.38,0,0.61,0,0,0,1.38,0.3,0.61,0.15,0.15,0.15,0.15,0.15,0.3,0.15,0.15,0.15,0.3,0,0.15,0.15,0,0,0.3,0,0.61,0,0,0,0.131,0.183,0.052,0,0,0,1.837,13,305
0,0,0,0,0,0,0,0,0,0,0,0,0,0,0,0,0,0,0,0,0,0,0,0,0,0,0,0,0,0,0,0,0,0,0,0,0,0,0,0,0,0,0,20,0,0,0,0,0,0,0,0,0,0,1,1,4
0.43,0.43,0.43,0,0.43,0,0,0,0,1.31,0,0.87,0.43,0,0,2.63,0,0,1.75,0,2.19,0,0,0,0,0,0,0,0,0,0,0,0,0,0,0,0,0,0,0,0,0,0,0,0,0,0,0,0,0.201,0,0.941,0.067,0,2.329,28,226
0.05,0.05,0.4,0,0.34,0,0,0,0.57,0.05,0,0.28,0.11,0,0,0.17,0,0,1.09,0.05,0.92,0,0,0.05,0,0,0,0,0.05,0,0,0,0,0,0,0,0,0,0,0,0,0.11,0,0,0.05,0,0,0,0.019,0.099,0,0.099,0.079,0.009,4.906,95,1310
0,0,0,0,0,0,0,0,0,0,0,0,0,0,0,0,0,0,0,0,0,0,0,0,0,0,0,0,10,0,0,0,0,0,0,0,0,0,0,0,0,5,0,0,0,0,0,0,0,0,0,0,0,0,1.428,3,10
0.31,0,0.63,1.91,0.21,0,0,0,0.42,0.1,0,0.31,0,0,0,0.53,0,0,1.7,0,1.06,0,0,0.21,0,0,0,0,0,0,0,0,0,0,0,0,0,0.1,0,0,0,0,0.1,0,0,0,0,0,0,0.169,0,0.358,0.188,0.075,2.847,75,447
0,0,0,0,0,0,0,0,0,0,0,0,0,0,0,0,0,0,0,0,0,0,0,0,0,0,0,0,0,0,0,0,0,0,0,0,0,0,0,0,0,0,0,0,20,0,0,0,0,0,0,0,0,0,1,1,5
0,0,0,0,0,0,7.27,0,0,0,0,0,0,0,0,0,0,0,0,0,0,0,0,0,0,0,0,0,0,0,0,0,0,0,0,0,0,0,0,0,0,0,0,0,0,0,0,0,0,0,0,0.291,0,0,2.444,8,44
0,0,0,0,0,0,0,0,0,0,0,0,0,0,0,0,0,0,0,0,0,0,0,0,20,0,0,0,0,0,0,0,0,0,0,0,0,0,0,0,0,0,0,0,0,0,0,0,0,0,0,0,0,0,5.2,17,26
0,0,0,0,0,0,0,0,0,0.45,0,0,0,0,0,0,0,0,0.45,0,1.35,0,0,0,1.35,1.35,1.35,1.35,0.9,0.45,0.45,0.45,0,0.45,1.35,0.45,0.45,0,0.45,0.45,0,0.45,0.45,0,0.45,0,0,0,0,0.358,0.43,0,0,0.071,2.236,12,161
0,0,0,0,1.21,0,0,0.6,0,0.6,1.21,0,0,0,0,1.82,0,0,4.26,0,0,0,0,0,0,0,0,0,0,0,0,0,0,0,0,0,0,0,0,0,0,0,0,0,0,0,0,0,0,0.29,0,0.193,0,0,1.861,26,67
0,0,0,0,0,0,0,0,0,0,0,0,0,0,0,0,0,0,4.87,0,0,0,0,0,0,0,7.31,0,0,0,0,0,0,0,0,0,2.43,0,0,0,0,0,0,0,2.43,0,0,0,0,0,0,0,0,0,1.461,5,19
0,1.28,0,0,0,0,0,0,0,0,0,1.28,0,0,0,0,0,0,2.56,0,1.28,0,0,0,5.12,0,0,0,0,0,0,0,0,0,0,0,0,0,0,0,0,0,0,0,0,0,0,0,0,0.196,0,0,0,0,1.952,10,41
0,0,0,0,0,0,0,0,0,1.28,0,0,0,0,0,0,0,0,2.56,0,0,0,0,0,0,0,0,0,0,0,0,0,0,0,0,0,0,0,1.28,0,0,0,0,0,0,0,0,0,0,0,0,0.232,0,0,1.296,8,35
0,0,0,0,0,0,0,0,0,0,0,0,0,0,0,0,0,0,0,0,0,0,0,0,0,0,0,0,0,0,0,0,0,0,0,0,0,0,0,0,0,0,0,0,0,6,0,0,0,0,0,0,0,0,3.176,15,54
0,0,0.59,0,0,0,0,0,0,0.29,0,0.59,0,0,0,0.29,0,0.29,1.47,0,0.29,0,0,0,0,0,0,0,0,0,0,0,0,0,0,0,0.29,0,0,0,0,0,0,0,0,0,0,0,0.039,0.235,0,0.471,0,0.039,3.659,70,333
0,0,0,0,0,0,1.96,0,0,0,0,0,0,0,0,0,0,0,1.96,0,1.96,0,0,1.96,0,0,0,0,0,0,0,0,0,0,0,0,0,0,0,0,0,0,0,0,0,0,0,0,0,0,0,0.334,0,0,3.214,22,45
0.68,0,0,0,0,0,0,0,0,0,0,0.68,0,0,0,0.68,0,0,5.47,0,0,0,0,0,0.68,0,0.68,0,0,0,0,0,0,0,0,0.68,0,0,0,0,0,0,0,0,0.68,0,0,0,0,0.138,0,0,0,0,1.1,3,22
0,0,1.61,0,0,0,0,0,0,0,0,0,0,0,0,0,0,0,1.61,0,0,0,0,0,1.61,0,0,0,1.61,1.61,0,0,0,0,0,0,0,0,0,0,0,4.83,0,0,0,0,0,0,0,0.283,0,0,0,0,1.666,4,20
0,14.28,0,0,0,0,0,0,0,0,0,0,0,0,0,0,0,0,0,0,0,0,0,0,0,0,0,0,0,0,0,0,0,0,0,0,0,0,0,0,0,0,0,0,0,0,0,0,0,0,0,0,0,0,1.8,5,9
0,0,0,0,0,0,0,0,0,0,0,0,0,0,0,0,0,0,0,0,0,0,0,0,0,0,0,0,0,0,0,0,0,0,0,0,0,0,0,0,0,0,0,0.72,0,0,0,0,0,0,0,0,0,0.123,1.75,4,21
0,0.57,0.57,0,0.14,0.14,0,0,0.14,0,0,0.43,0.14,0,0,0,0.14,0,3.31,0,1.44,0,0,0,0,0,0,0,0,0,0,0,0,0,0,0.57,0,0,0,0,0,0,0,0,0,0,0,0,0,0,0,0.156,0,0,1.394,6,159
0,0,0,0,0.1,0,0,0,0,0,0,0.1,0,0,0,0,0,0,0,0,0,0,0,0,2.06,1.19,0,0,0,0.1,0,0,1.3,0,0,0.1,1.08,0,0,0,0.65,0,0,0,0,2.6,0,0.1,0.14,0.5,0.093,0,0,0,4.06,51,1003
0,0,0,0,0,0,0,0,0,0,0,0,0,0,0,0,0,0,0,0,0,0,0,0,7.69,0,0,0,0,0,0,0,0,0,0,7.69,0,0,0,0,0,0,0,0,0,0,0,0,0,0,0,0,0,0,1,1,7
0,0,0,0,4.16,0,0,0,0,0,0,4.16,0,0,0,0,0,0,4.16,0,0,0,0,0,0,0,0,0,0,0,0,0,4.16,0,0,0,0,0,0,0,0,4.16,0,0,0,0,0,0,0,0.689,0,0.689,0,0,1.3,4,13
0,0,0,0,0,0,0,0,0,0,0,0.99,0,0,0,0,0,0,0,0,0,0,0,0,2.97,3.96,0,0,0,0,0,0,0,0,0.49,0,0,0,0,0,0,0,0,0,0,0,0,0,0,0.21,0,0,0,0,1.736,12,125
0,1.25,0.62,0,0,0,1.25,0,0,0,0.62,0.62,0,0,0.62,2.5,0,1.25,5,0,1.25,0,0,0,0,0,0,0,0,0,0,0,0,0,0,0,0,0,0,0,0,0,0,0,0,0,0,0,0,0.044,0,0.223,0,0,2.35,29,134
0,0,0,0,0,0,0,0,0,0,0,0,0,0,0,0,0,0,2.66,0,0,0,0,0,1.33,0,0,1.33,0,0,0,0,0,0,0,0,0,0,0,0,0,0,0,0,0,0,0,0,0,0.478,0,0,0,0,2.166,18,52
0,14.28,0,0,0,0,0,0,0,0,0,0,0,0,0,0,0,0,0,0,0,0,0,0,0,0,0,0,0,0,0,0,0,0,0,0,0,0,0,0,0,0,0,0,0,0,0,0,0,0,0,0,0,0,1.8,5,9
0,0.68,0,0,4.08,0,0.68,0,0,0.68,1.36,1.36,0,0,0,0,0.68,0.68,2.72,0,1.36,0,0,0,0,0,0,0,0,0,0,0,0,0,0,0,0,0,0,0,0,0,0,0,0,0,0,0,0,0,0,0,0.111,0,6.588,68,112
0,0,1.47,0,0,1.1,0.36,0,0,0,0.36,0.36,0,0,0,0.36,0,0,2.21,1.1,2.95,0,1.47,0,0,0,0,0,0,0,0,0,0,0,0,0,0,0,0,0,0,0,0,0,0,0,0,0,0,0.124,0,0.435,0.932,0.186,2.932,33,173
0,0,0,0,0,0,0,0,0,0,0,5.26,0,0,0,0,0,0,5.26,0,0,0,0,0,0,0,0,0,0,0,0,0,0,0,0,0,0,0,0,0,0,0,0,0,0,0,0,0,0,0,0,1.048,0,0.349,3.333,10,30
0,0,2.04,0,2.04,0,0,0,0,0,0,0,0,0,0,0,0,0,2.04,0,0,0,0,0,0,0,0,0,0,0,0,0,0,0,0,0,0,0,0,0,0,4.08,0,0,0,0,0,0,0,0.722,0,0,0,0,1.1,2,11
0.78,0,0,0,0.39,0,0,0,0,0.39,0,0,0,0,0,0,0,0,0.78,0,0.39,0,0,0.39,0,0,0.39,0,0,0,0,0,0,0,0,0,0,0,0,0,0,0,0,0.39,0,0,0,0,0.073,0.146,0,0,0,0,1.354,8,42
0.27,0,0.41,0,0,0,0.13,0.13,0,0,0,0.41,0,0,0,0,0,0.41,0.69,0,0.27,0,0,0,0,0,0,0,0,0,0,0,0,0,0,0.27,0,0,0,0,0,0,0,0,0,0,0,0,0,0.133,0,0,0,0,1.531,20,144
0,0,0,0,0.63,0,0.31,0.63,0.31,0.63,0.31,0.31,0.31,0,0,0.31,0,0,3.18,0,0.31,0,0,0,0,0,0,0,0,0,0,0,0,0,0,0,0,0,0,0,0,0,0,0,0,0,0,0,0,0.137,0,0.137,0,0,3.537,40,191
0.04,0.02,0.14,0,0.25,0.08,0,0.08,0.02,0.12,0,0.27,0,0,0.02,0,0.08,0.23,0.17,0,0.06,0.29,0,0,0,0,0,0.04,0,0,0,0,1.4,0,0,0.12,1.04,0,0,0,0.17,0.04,0,0.06,0.06,0.27,0,0.02,0.046,0.149,0.005,0.014,0,0.002,2.35,46,3006
0.26,0,0.52,0,0.52,0,0,0,0,0.26,0,0.26,0,0,0,0,0,0.26,1.31,0,0.26,0,0,0,0,0,0,0,0,0,0,0,0,0,0,0,0,0,0,0,0,0,0,0.26,0.52,0.26,0,0,0.047,0.047,0,0.047,0,0,1.081,3,53
0,0,0,0,0.93,0,0,0,0,0.93,0,0,0,0,0,0,0,0,2.8,0,2.8,0,0,0,0,0,0,0,0,0,0,0,0,0,0,0,0,0,0,0,0,0,0,0,0,0,0,0,0,0,0,0,0,0,11.066,73,166
0,0,0,0,3.44,0,0,0,0,0,0,3.44,0,0,0,0,0,0,0,0,0,0,0,0,0,0,0,0,0,0,0,0,0,0,0,0,0,0,0,0,0,0,0,0,0,0,0,0,0,0.574,0,0,0,0,1.714,4,12
0.75,0.18,0.37,0,0.18,0.12,0,0.25,0.75,0.31,0.25,1.51,0.31,0.37,0,0.37,0.44,0.12,2.96,0.69,1.26,0,0.44,0.75,0,0,0,0,0,0,0,0,0,0,0,0,0.12,0,0,0.12,0,0,0.06,0,0,0,0,0,0,0.085,0.053,0.437,0.234,0.064,3.675,45,1066
0,0,0,0,7.14,0,0,0,0,0,0,0,0,0,0,0,0,0,0,0,0,0,0,0,0,0,0,0,0,0,0,0,0,0,0,0,0,0,0,0,0,0,0,0,7.14,0,0,0,0,0,0,0,0,0,1.6,4,8
0,0,0,0,0,0,4,0,0,0,0,0,0,0,0,0,0,0,0,0,0,0,0,0,0,0,0,0,0,0,0,0,0,0,0,0,0,0,0,0,0,0,0,0,0,0,0,0,0,0,0,0,0,0,8.166,19,49
0,0.33,0,0,0.33,0,0,0,0,0,0,0.33,0,0,0,0,0,0.33,0,0,0,0,0,0,0.33,0.33,0,0.67,0,0,0,0,0,0,0.33,0,0,0,0,0,0,0,0,0.33,0,0,0,0.33,0,0.132,0,0,0,0,1.857,15,117
0,0,0,0,0,0,0,0,0,0,0,0,0,0,0,0,0,0,6.66,0,0,0,0,0,0,0,0,0,0,0,0,0,0,0,0,0,0,0,0,0,0,0,0,0,0,0,0,0,0,0,0,0,0,0,1,1,10
0,0,0,0,2.29,0,0,0,0,0,0,1.14,0,0,0,4.59,0,0,3.44,0,1.14,0,0,0,0,0,0,0,0,0,0,0,0,0,0,0,0,0,0,0,0,0,0,0,1.14,0,0,0,0,0.646,0,1.939,0,0,8.461,30,110
0,0,0,0,0,0,0,0,0,0,0,0,0,0.87,0,0,0,0,0.87,0,0,0,0,0,0,0,0,0,0,0,0,0,0,0,0,0,0,0,0,0,0,0,0,0,0.87,0,0,0,0.327,0.327,0,0,0,0,1.3,3,26
0,0,0,0,0,0,0,0,0,0,0,0,0,0,0,0,0,0,4,0,0,0,0,0,0,0,0,0,0,0,0,0,0,0,0,0,0,0,4,0,0,0,0,0,0,0,0,0,0,0,0,0.724,0,0,2.285,8,16
0.51,0.43,0.29,0,0.14,0.03,0,0.18,0.54,0.62,0.29,0.65,0.65,1.2,0.03,0.21,0.43,0.03,3,0,1.35,0,0.51,0.54,0,0,0,0,0,0,0,0,0,0,0,0,0,0,0,0,0,0,0,0,0.03,0,0,0,0.012,0.08,0,0.454,0.523,0.136,6.59,739,2333
0,0,0,0,0,0,0,0,0,0,0,0,0,0,0,0,0,0,0,0,0,0,0,0,0,0,0,0,0,0,0,0,0,0,0,0,0,0,0,0,0,0,0,0,0,0,0,0,0,0,0,0,0,0,1.888,5,17
0,0,0,0,0,0,0,0,0,0,0,3.84,0,0,0,0,0,0,5.76,0,0,0,0,0,0,0,0,0,0,0,0,0,0,0,0,0,0,0,0,0,0,0,0,0,1.92,1.92,0,0,0,0,0,0,0,0,1.166,3,14
0,0.35,0.35,0,1.07,0,0,0.35,0,1.07,0,0.71,0,0,0,0,0.71,0.71,2.85,0,2.5,0,1.42,0,0,0,0,0,0,0,0,0,0,0,0,0,0,0,0,0.35,0,0,0,0,0.35,0,0,0,0,0.233,0,0.233,0.233,0,3.414,25,140
0.17,0,0.35,0,0.53,0,0,0.35,0,0,0.17,1.78,0.17,0.17,0,0,0.53,0,0,0,0,0,0,0,3.2,0,0,0,0,0,0,0,0,0,0,0,0.17,0,0,0,0,0,0,0,0,0,0,0,0.071,0.143,0,0,0,0,2.464,80,244
0,0,0,0,0,0,0,0,0,0,0,3.03,0,0,0,0,0,0,0,0,0,0,0,0,0,0,0,0,0,0,0,0,0,0,0,0,0,0,0,0,0,0,0,0,0,0,0,0,0,0,0,0.5,0,0,1.538,8,20
0.1,0.2,1.01,0,0.8,0.8,0.5,0,0.8,0.1,0.3,0.7,0.3,0,1.61,0.1,0,1.11,1.31,0.2,0.7,0,0.6,0.1,0,0,0,0,0,0,0,0,0,0,0,0,0,0,0,0,0,0,0.2,0,0.1,0.1,0,0,0,0.11,0,0.49,0.158,0.015,8.55,669,1351
0.12,0,0.12,0,0,0.06,0,0,0.56,0,0,0.31,0,0,0,0.06,0,0.06,0.25,0,0.18,0,0,0,0.63,0.69,0.06,0,0,0,0,0,0.82,0,0,0,0.63,0,0,0.06,0,0,0,0.06,0,0,0,0,0.187,0.16,0.035,0,0.017,0,2.829,47,815
0,0,0,0,0,0,0,0,0,0,0,0,0,0,0,0,0,2.63,5.26,0,0,0,0,0,0,0,0,0,0,0,0,0,0,0,0,0,0,0,0,0,0,0,0,0,0,0,0,0,0,0,0,0,0,0,1.625,3,13
0,0,0,0,0,0,1.61,0,0,1.61,0,1.61,0,0,0,0,0,0,3.22,0,0,0,0,0,0,0,0,0,0,0,0,0,0,0,0,0,0,0,0,0,0,0,0,0,0,0,0,0,0,0,0,0.23,0,0,4.941,60,84
0,14.28,0,0,0,0,0,0,0,0,0,0,0,0,0,0,0,0,0,0,0,0,0,0,0,0,0,0,0,0,0,0,0,0,0,0,0,0,0,0,0,0,0,0,0,0,0,0,0,0,0,0,0,0,1.8,5,9
0,0,1.66,0,0,0,0,0,0,0,0,1.66,0,0,0,0,0,0.83,2.5,0,0,0,0,0,0,0,0,0,0,0,0,0,0,0,0,0,0,0,0,0,0,0,0,0,0,0,0,0,0,0,0,0.151,0,0,1.518,8,41
0,0,0,0,0,0,0,0,0,0,0,0,0,0,0,0,0,0,0,0,0,0,0,0,0,0,20,0,0,0,0,0,0,0,0,0,0,0,0,0,0,0,0,0,0,0,0,0,0,0,0,0,0,0,1,1,5
0,0,1.31,0,0,0,0,0,0,0,0,1.31,0,0,0,0,0,0,1.31,0,5.26,0,0,1.31,0,0,0,0,0,0,0,0,0,0,0,0,0,0,0,0,0,0,0,0,0,0,0,0,0,0,0,0,0.21,0,4.5,25,54
0.1,0,0.03,0,0.1,0.03,0,0,0,0.1,0.1,0.43,0,0,0,0.37,0.1,0,0.43,0,0.4,0,0,0,0,0,0,0,0,0,0,0,0.2,0,0,0.13,0.06,0,0,0,0,0.06,0,0.03,0,0,0,0.2,0.014,0.078,0,0.034,0.019,0.019,4.93,113,3550
0,0.26,0.26,0,0.26,0,0,0.26,0,0,0.26,1.07,0,0,0,0,0.53,0,1.07,0,1.07,0,0,0,1.34,0,0,0,0,0,0,0,0,0,0,0,0,0,0,0,0,0,0,0,0,0,0,0,0,0.111,0,0,0.037,0,1.564,8,194
0,0,0,0,0,0,0,0,0,0,0,0,0,0,0,0,0,0,0,0,0,0,0,0,1.97,1.72,0.49,0.24,0.24,0.24,0.24,0.24,0.24,0.24,0.24,0.24,0.24,0,0,0.24,0,0,0.24,0,0.24,0.49,0,0,0,0.15,0.075,0.037,0,0,2.367,12,206
0,0,0.32,0,0.64,0.64,0.64,0.32,0.32,0,0,0.32,0.32,0,0,0.32,0.32,0.32,2.25,0,3.21,0,0,0.32,0,0,0,0,0,0,0,0,0,0,0,0,0,0,0,0,0,0,0,0,0.64,0,0,0,0,0.156,0,0,0.156,0,1.752,19,149
0.63,0.63,0.63,0,0,0,0.63,0.63,0.63,0,0,0.63,0,0,0.63,1.26,0,0.63,1.89,0,0,0,0,0,0,0,0,0,0,0,0,0,0,0,0,0,0,0,0,0,0,0,0,0,0,0,0,0,0,0,0,0.398,0,0,2.625,19,126
0,0,0,0,0,0.3,0,0,0,0,0.3,2.42,0,0,0,0.3,0,0.9,3.63,0,0.6,0,0,0,0,0,0,0,0,0,0,0,0,0,0,0,0,0,0,0,0,0,0,0,0,0,0,0,0,0,0,0.087,0,0,2.74,64,148
0,0.29,0,0,0,0.29,0.29,2.04,0,0,0.29,1.16,0.29,0,0.29,1.16,2.33,1.16,2.33,0,1.16,0,0,0,0,0,0,0,0,0,0,0,0,0,0,0,0,0,0,0,0,0,0,0,0,0,0,0,0,0.132,0,0.044,0,0,1.559,24,145
0,0,0.4,0,0,0.4,0,0,0,0,0,0,0,0,0,0.4,0,0.4,0.4,0,0.4,0,0,0,0,0,0,0,0,0,0,0,0,0,0,0,0.81,0,0,0,0,0,0,0,0.4,0.4,0,0,0,0.323,0.053,0,0,0.053,5.263,70,300
0,0,0,0,0,0,0,0,0,0.51,0,0,0,0,0,0,0,0,0.51,0,0.51,0,0,0,3.06,2.04,0.51,2.04,0.51,1.02,0.51,0.51,0,0.51,1.02,0.51,0,0,0.51,0.51,0,1.02,0,0,0.51,0,0,0,0.158,0.553,0,0,0,0,4,37,216
0,0,0,0,0,0,0,0,0,0,0,3.03,0,0,0,0,0,0,3.03,0,0,0,0,0,0,0,0,0,0,0,0,0,0,0,0,0,0,0,0,0,0,0,0,0,0,0,0,0,0,0,0,0.473,0,0,1.687,5,27
0,0,0,0,0,0,0,0,0,0,0,0,0,0,0,3.07,0,0,0,0,0,0,0,0,0,0,0,0,0,0,0,0,0,0,0,0,0,0,0,0,0,0,0,0,0,0,0,0,0,0,0,0.273,0,0,5.75,25,69
0,0,0,0,0,0,0,0,0.93,0,0,0,0,0,0,0,0,0,0.93,0,3.73,0,0,0,0,0,0,0,0,0,0,0,0,0,0,0,0,0,0,0,0,0,0,0,0,0,0,0,0,0.134,0,0.536,0,0,2.166,23,65
0,0,0,0,0,0,0,0,0,0,0,1.75,0,0,0,0,0,0,3.5,0,3.5,0,0,0,0,0,0,0,0,0,0,0,0,0,0,0,0,0,0,0,0,0,0,0,1.75,0,0,0,0.325,0,0,0,0.651,0,1.125,3,18
0,0,0,0,0,0,0,0,0,0,0,0,0,0,0,0,0,0,8.33,0,0,0,0,0,0,0,0,0,0,0,0,0,0,0,0,0,0,0,0,0,0,0,0,0,16.66,0,0,0,0,0,0,0.925,0,0,1.833,6,11
0,0,0,0,0,0,0,0,0,0,0,0,0,0,0,0,0,0,0,0,2.35,0,0,0,1.17,1.17,2.35,0,0,0,0,4.7,0,4.7,0,0,0,0,1.17,0,0,0,0,0,2.35,0,0,0,0.185,0.743,0,0,0,0,4.476,14,94
2.32,0,0,0,0,0,0,0,0,0,0,0,0,0,0,0,0,0,0,0,0,0,0,0,0,0,0,0,0,0,0,0,0,0,0,0,0,0,0,0,0,0,0,0,0,0,0,0,0,0,0,0.277,0,0,3.2,13,48
0,0.54,0,0,0,0,1.08,0,0,0.54,0.54,0.54,0,0,0,2.17,0,0.54,3.26,0,1.08,0,0,0,0,0,0,0,0,0,0,0,0,0,0,0,0,0,0,0,0,0,0,0,0.54,0,0,0,0,0,0,0.334,0,0,1.325,5,53
0,0,0,0,0,0,0,0,0,0,0,0,0,0,0,0,0,0,0.97,0,0.97,0,0,0,1.94,0.97,0,2.91,0,0,0,0,0,0,1.94,0,0,0,0,0,0,0,0,0,0,0,0,0,0,0.141,0,0,0,0,3.178,15,89
0,0,0,0,0,0.57,0,0,0,0,0,0,0,0,0,0,0,0,0.57,0,0,0,0,0,0,0,0,0,0,0,0,0,0,0,0.57,0,0,0,0,0,0,0.57,0,2.31,0,0,0,0,0.089,0.179,0,0.089,0,0,2.204,10,97
0.17,0.22,0.62,0,0.11,0.22,0.05,0.11,0,0.39,0.11,1.02,0.45,0.05,0.05,0,0,0.39,3.46,0,1.76,0,0.56,0.34,0,0,0,0,0,0,0,0,0,0,0,0,0,0,0,0,0,0,0,0,0,0,0,0,0.01,0.2,0,0.441,0.421,0.04,4.945,116,1449
0,0,0,0,0.43,0.43,0.43,0.43,0,0,0,0.43,0,0,0,0,0,0,0.87,0,0,9.17,0,0,0,0,0,0,0,0,0,0,0,0,0,0,0,0,0,0,0,0,0,0,0,0,0,0,0,0,0,0.395,0,1.121,7.983,72,495
0.07,0.37,0.81,0,0.51,0.29,0.07,0,0.07,0.37,0.07,1.48,0.14,0,0.07,0,0.14,0.44,3.55,0,1.85,0,0,0.07,0,0,0,0,0,0,0,0,0,0,0,0,0.14,0,0,0,0,0,0,0,0,0,0,0,0.052,0.073,0,0.167,0.167,0.01,3.412,44,795
0,0,0.74,0,0,0,0,0,0,0,0,0.24,0,0,0,0.49,0,0.49,2.71,0,1.23,0,0,0,0,0,0,0,0,0,0,0,0,0,0,0,0.24,0,0,0,0,0,0,0,0.49,0,0,0,0.036,0.147,0,0.147,0,0,2.587,55,282
0,0.27,0,0,0,0,0,0,0,0.27,0,0,0,0,0,0,0,0,1.94,0,0,8.33,0,0,0,0,0,0,0,0,0,0,0,0,0,0,0,0,0,0,0,0,0,0,0,0,0,0,3.23,0,0,0.048,0,0.482,5.802,43,412
0,0,0,0,0,0,0,0,0,0,0,0,0,0,0,0,0,0,3.44,0,0,0,0,0,0,0,0,0,0,0,0,0,0,0,0,0,0,0,0,0,0,0,0,0,3.44,0,0,0,0,0,0,0,0,0,1.6,4,8
0,0,0.55,0,0.55,0,0,0,0,0.55,0,0,0,0,0,0.55,0,0,1.67,0,0.55,0,0,0,0,0,0,0,0,0,0,0,0,0,0,0,0,0,0,0,0,0,0,0,0.55,0,0,0,0,0.099,0,0.893,0,0,2.122,16,121
0,0,0,0,2.17,0,0,0,0,0,0,2.17,0,0,0,2.17,0,2.17,6.52,0,2.17,0,0,0,0,0,0,0,0,0,0,0,0,0,0,0,0,0,0,0,0,0,0,0,0,0,0,0,0,0,0,0,0,0,1.333,5,16
0,0,0,0,0,0.44,0,0,0,0,0,0.44,0.44,0,0,0,0,0,1.32,0,0,0,0,0,0,0,0.88,0,0,0,0,0,0,0,0,0,0,0,0,0,0,0,0,0,0.44,0.44,0,0,0,0.15,0,0,0,0,1.613,11,71
0,0,0,0,0.36,0,0,0,0,0,0,3.3,0,0,0,0,0.36,0.36,1.47,0,0.36,0,0,0,0,0,0,0,0,0,0,0,0,0,0,0,0,0,1.47,0,0,0,0,0,0,0,0,0,0,0.112,0,0,0,0.056,1.793,21,174
0,0.6,0,0,0.6,0,0,0,0,2.43,0,0.6,0,0,0,0,0,0,1.82,0,0.6,0,0,0,0,0,0,0,0,0,0,0,0,0,0,0,0,0,0,0,0,1.21,0,0,0,1.82,0,0,0,0.271,0,0,0,0.09,6.09,71,201
0.37,0.17,0.3,0.06,0.23,0.17,0.03,0.95,0.37,0.37,0.1,0.64,0.61,0.34,0.2,0.51,0.34,0.34,2.75,0.13,1.36,0,0.27,0.71,0,0,0,0,0,0,0,0,0,0,0,0,0,0,0,0.03,0,0,0,0,0.03,0,0,0,0.011,0.041,0.071,0.379,0.136,0,3.341,181,1955
0.66,0.66,0.66,0,0,0,0,0,0,1.33,0,0,0,0,0,0.66,0,0,3.33,0,2.66,0,0,0,0,0,0,0,0,0,0,0,0,0,0,0,0,0,0,0,0,0,0,0,0,0,0,0,0,0,0,0.117,0,0,2.487,17,97
0,0,0,0,0,0,0,0,0,0,0,0,0,0,0,0,0,0,1.92,0,1.92,0,0,0,0,0,0,0,0,0,0,0,0,0,0,0,1.92,0,0,0,0,0,0,0,0,5.76,0,0,0,0.336,0,0,0,0,2.352,15,40
0,0.4,0,0,0.81,0,0.81,0,0,0.4,0,0,0,0,0,0,0,0,1.22,0,0.81,0.81,0,0,0,0,0,0,0,0,0,0,0,0,0,0,0,0,0,0,0,0,0,0,0,0,0,0,0.123,0.246,0.061,0,0.123,0.185,4.793,23,302
0,0,1.09,0,1.09,0,0,0,0,0,0,1.09,0,0,0,0,0,0,3.29,0,0,0,0,0,0,0,1.09,0,0,0,0,0,0,0,0,0,0,0,0,0,0,0,0,0,0,0,0,0,0.434,0.217,0,0,0,0,1,1,18
0,0.54,0,0,0,0,1.08,0,0,0.54,0.54,0.54,0,0,0,2.17,0,0.54,3.26,0,1.08,0,0,0,0,0,0,0,0,0,0,0,0,0,0,0,0,0,0,0,0,0,0,0,0.54,0,0,0,0,0,0,0.347,0,0,1.325,5,53
0,0,0.36,0,0.6,0.12,0.12,0,0,0,0.12,0.48,0.12,0.12,0,0.12,0,0.6,2.41,0,0.24,0,0,0,0,0,0,0,0,0,0,0,0,0,0,0,0,0,0,0,0,0,0,0,0,0,0,0,0.056,0.037,0,0.056,0.094,0,1.246,14,389
0,0,0.37,0,1.13,0,0.37,0,0,0.75,0,0.37,0,0,0,0.37,0.75,0,2.65,0,1.13,0,0.37,0,0,0,0,0,0,0,0,0,0,0,0,0,0,0,0,0,0,0,0,0,1.13,0,0,0,0,0.063,0,0.882,0.189,0,4.08,78,253
0.18,0,0.09,0,0.36,0.09,0,0.36,0.09,0,0,0.63,0.09,0.36,0,0,0.09,0,1.27,0,3.38,0,0.36,0.09,0,0,0,0,0,0,0,0,0,0,0,0,0,0,0,0,0,0,0,0,0,0,0,0,0,0.06,0.03,0.03,0.015,0,4.192,48,566
0,0,0.78,0,0,0.78,0,0,0,0.78,0,0,0.78,0,0,0,0,0,1.56,0,0.78,0,0,0,0,0,0,0,0,0,0,0,0,0,0,0,0,0,0,0,0,0,0,0,0,0.78,0,0,0,0.12,0,0.12,0,0,2.862,47,83
0.53,0,0,0,0,0,0,0,0,0,0,0,0,0,0,0,0.53,0,1.6,0,1.06,0,0,0,0,0,0,0,0,0,0,0,0,0,0,0,0,0,0,0,0,0,0,0,0,0,0,0,0,0.062,0,0.311,0,0,1.954,11,43
0,0,0,0,0,0,1.21,0,0,1.21,0,1.21,1.21,0,0,1.21,0,0,4.87,0,0,0,0,0,0,0,0,0,0,0,0,0,0,0,0,0,0,0,0,0,0,0,0,0,0,0,0,0,0,0,0,0,0,0,1.676,15,57
0,0,0,0,0,0,0,0,0,2,0,2,0,0,0,0,0,0,0,0,0,0,0,0,0,0,0,0,0,0,0,0,0,0,0,0,0,0,0,0,0,0,0,0,0,0,0,2,0,0,0,0.336,0,0,1.555,4,42
0,0,0,0,0,0,0,0,0,3.77,0,0,0,0,0,0,0,0,1.88,0,0,0,0,1.88,0,0,0,0,0,0,0,0,0,0,0,0,0,0,0,0,0,0,0,0,0,0,0,0,0.264,0,0,0,0,0,4.333,13,78
0.33,0,0.66,0,0.22,0,0,0,0.44,0.11,0,0.33,0,0,0,0.55,0,0,1.76,0,1.1,0,0,0.22,0,0,0,0,0,0,0,0,0,0,0,0,0,0.11,0,0,0,0,0.11,0,0,0,0,0,0,0.173,0,0.367,0.193,0.077,2.559,75,389
0,0,1.58,0,0,0,0,0,0,0,0,0.79,0,0,0,0,0,0,1.58,0,0,0,0,0,0.79,0.79,0,0,0,0,0,0,0,0,0,0,0,0,0,0,0,0,0,0,0,0,0,0,0,0.149,0,0.149,0,0,1.482,10,43
0,0,0,0,3.33,0,0,0,0,0,0,0,0,0,0,0,0,0,6.66,0,0,0,0,0,0,0,0,0,0,0,0,0,0,0,0,0,0,0,0,0,0,0,0,0,0,0,0,0,0,0,0,1.111,0,0,1.409,10,31
0.18,0,0.18,0,1.57,0.36,0.06,0.06,0.06,0.12,0.06,0.54,0.3,0.06,0,0,0.72,0.06,4.54,0.24,1.09,0,0.84,0.06,0,0,0,0,0,0,0,0,0,0,0,0,0,0,0,0,0,0,0.06,0,0.06,0,0,0,0.01,0.052,0,0.01,0.167,0,1.733,12,442
0.23,0.23,0,0,0.23,0.23,0,0.47,0.23,0.23,0.23,0.23,0,0,0,0.23,0,0,2.87,0,1.91,0,0.23,0.23,0,0,0,0,0,0,0,0,0,0,0,0,0,0,0,0,0,0,0,0,0.23,0,0,0,0,0,0,0.37,0.205,0.041,2.281,24,146
0,0,0,0,0.43,0.43,0.43,0,0,0.43,0,0.43,0,0,0,0,0,0,0.87,0,0,9.17,0,0,0,0,0,0,0,0,0,0,0,0,0,0,0,0,0,0,0,0,0,0,0,0,0,0,0,0,0,0.065,0,1.047,9.269,89,482
0,0.19,0,0,0,0,0,0,0,0,0,0,0,0,0,0,0,0.39,0.98,0.19,0.98,0,0,0,0.19,0,0,0,0,0.19,0,0,0,0,0,0,0.39,0,0,0,0,0,0,0,0.19,15.35,0,0,0.086,0,0,0.028,0,0,3.377,15,537
0,0,0,0,0,0,0,0,0,0,1.23,1.23,0,0,0,0,0,0,2.46,0,0,0,0,0,0,0,0,0,0,0,0,0,0,0,0,0,0,0,0,0,0,0,0,0,0,0,0,0,0,0,0,1.284,0,0,1.357,5,19
0,1.25,0,0,0,0,0,0,0,0,0,2.81,0,0,0,0,0,1.56,0.93,0,0.31,0,0,0,0,0,0,0,0,0,0,0.31,0,0,0,0.31,0,0,0,0,0,0,0,0,0,0,0,0,0,0.164,0,0.109,0.054,0,2.193,18,136
0.68,0,1.02,0,0,0,0,0,0,0,0,0,0,0,0,0,0,0,1.36,0,0,0,0,0,0.34,0.34,0.68,0.34,0,0.34,0,0,0,0,0.34,0,0,0,0.34,0,0.34,0,0,0,1.02,0.34,0,0,0,0.172,0,0.387,0,0,1.5,15,84
0,0,0,0,0,0,0,0,0,3.33,0,3.33,0,0,0,0,0,0,3.33,0,0,0,0,0,0,0,0,0,0,0,0,0,0,0,0,0,0,0,0,0,0,0,0,0,0,0,0,0,0,0,0,1.156,0,0,2.333,10,21
0,0,0,0,0,0,0,0,0,0,0,1.4,0,0,0,0,0.7,0,1.4,0,1.4,0,0,0,0,0,0.7,0,0,0,0.7,0,0,0,0,0,0,0,0,2.11,0,0,0,0,0,0,0,0,0,0.267,0.066,0,0,0,17.952,200,377
0,0.35,0.35,0,0,0.35,0,0,0,0.35,0,0.71,0,0,0,0,0,0,3.58,0,1.07,0,0,0,0,0,0,0,0.35,0,0,0,0,0,0,0,0,0,0.35,0,0,0,0,0,0,0,0,0,0,0.12,0.06,0,0,0,1.787,11,118
0,0,0,0,0,0,0,0,0,0,0,4.58,0,0,0,0,0.91,0,0,0,0.91,0,0,0,1.83,0,0,0,0,0.91,0,0,0,0,0,0.91,0,0,0.91,0,0,0,0,0,0,0,0,0,0,0.124,0,0.249,0,0,2.576,14,67
0,0.32,0.96,0,0,0,0,0,0,0.64,0,1.28,0,0,0,0,0,0,3.52,0,1.6,0,0,0,0.96,1.6,0,0,0,0.64,0,0,0,0,0,0,0.32,0,0,0,0,0,0,0,0,0,0,0,0,0.064,0,0.128,0,0,1.653,5,86
0,0,0.91,0,0,0,0,0,0,0,0,0.91,0.91,0,0,0,0,0,5.5,0,0.91,0,0,1.83,0,0,0,0,0,0,0,0,0,0,0,0,0,0,0,0,0,0,0,0,0.91,0.91,0,0,0,0,0,0.13,0,0,2.457,47,86
0,0,0.71,0,0.17,0,0.35,0.35,0,0.17,0.17,0.35,0,0,0,0.35,0,0.17,0.53,0,0.17,0,0.35,0,0,0,0,0,0,0,0,0,0,0,0,0,0.35,0,0,0,0,0,0,0,0,0,0,0,0,0.057,0,0.057,0.171,0,1.974,34,229
0,0.18,1.1,0,0.73,0.73,0.73,0.09,0.83,0.27,0.27,0.64,0.27,0,1.47,0.09,0,1.2,1.38,0.18,0.64,0,0.55,0.18,0,0,0,0,0,0,0,0,0,0,0,0,0,0,0,0,0,0,0.18,0,0.09,0.09,0,0,0,0.094,0,0.432,0.135,0.013,8.445,696,1478
0,0,0,0,0,0,0,0,0,0,0,0,0,0,0,0,0,0,0,0,0,0,0,0,0,0,0,0,0,0,0,0,0,0,20,0,0,0,0,0,0,0,0,0,0,0,0,0,0,0,0,0,0,0,2.5,7,10
0,0,0,0,0,0,0,0,0,0,0,0,1.33,0,0,0,2.66,5.33,2.66,0,2.66,0,0,0,0,0,0,0,0,0,0,0,0,0,0,0,0,0,0,0,0,0,0,0,0,0,0,0,0,0,0,1.799,0.514,0,1.823,11,62
0.27,0,0.27,0,0,0,0,0,0,0,0,0.81,0,0,0,0,0,0,0.54,0,0.27,0,0,0,9.83,0.81,0.54,0.27,0.27,0.27,0.27,0.27,0,0.27,0.27,0.27,0.54,0,0.27,0.27,0,0.54,0.54,0,0.54,0,0,0,1.411,1.411,0.041,0,0,0,4.891,20,675
0,0.55,0.55,0,0.55,0.55,0,0.27,1.94,1.67,0,1.39,0.83,0,0.83,0.27,0,1.94,2.5,0,2.22,0,0.55,0.55,0,0,0,0,0,0,0,0,0,0,0,0,0,0,0,0,0,0,0,0,0,0,0,0,0,0,0,0.273,0.364,0.045,6.641,48,352
0.3,0,1.23,0,1.54,0.92,0.61,0.92,0.3,0.3,0,0.3,0,0,0,0,0.3,0,2.47,0.92,0.92,0,1.23,0,0,0,0,0,0,0,0,0,0,0,0,0,0,0,0,0,0,0,0,0,0.3,0,0,0,0,0.045,0,0.728,0.182,0,4.339,60,243
0.04,0.02,0.12,0,0.08,0.02,0,0.08,0,0.06,0.02,0.5,0.06,0,0.02,0.02,0.14,0.12,0.25,0,0.19,0,0.04,0,0,0,0.1,0,0.02,0,0,0,1.97,0,0,0.19,0.97,0.02,0,0.02,0.1,0.02,0,0.14,0,0.33,0.02,0.1,0.024,0.198,0,0,0.018,0.003,2.43,81,3337
0,0,0,0,0,0,0,0,0,0,0,0,0,0,0,0,0,0,0,0,0,0,0,0,2,0,0,0,0,0,0,0,0,0,0,1,0,0,0,0,0,0,0,0,0,0,0,0,0,0,0,0.161,0,0,1.25,3,15
0,0,0.2,0,0.81,1.01,0,0,0,0,0.2,1.21,0,0,0,0,0,0.2,1.21,0,0,0,0.6,0.4,0,0,0,0,0,0,0,0,0,0,0,1.62,0.2,0,0,0,0,0,0,0,0,0,0,0,0,0.152,0,0.121,0.121,0,2.61,10,261
0,0,0.69,0,0.69,0,0.69,0,0,0,0,0,0.69,0,0,0,0,0,1.38,0,2.08,0,0,0.69,0,0,0,0,0,0,0,0,0,0,0,0,0,0,0,0,0,0,0,0,0,0,0,0,0,0.35,0,0.701,0.116,0,8.781,34,281
0,0,0,0,0,0,0,0,0,0,0,0,0,0,0,0,0,0,0,0,0,0,0,0,0,0,20,0,0,0,0,0,0,0,0,0,0,0,0,0,0,0,0,0,0,0,0,0,0,0,0,0,0,0,1,1,5
0,0,0,0,0,0,0,0,0,0,0,5.88,0,0,0,0,0,0,0,0,0,0,0,0,0,0,0,0,0,0,0,0,0,0,0,0,0,0,0,0,0,0,0,0,0,0,0,0,0,0,0,0.546,0,0,2,4,16
0,0,0,0,0,0,0,0,0,0,0,0,0,0,0,0,0,0,0,0,0,0,0,0,0,0,0,0,0,0,0,0,0,0,0,0,0,0,0,0,0,0,0,0,0,0,0,0,0,0.163,0,0,0,0,1.5,5,24
0,0,0.27,0,0.27,0.27,0.27,0.27,0,0,0.54,0.82,0,0,0,0.82,0.54,1.09,2.46,2.46,2.73,0,0,0.54,0,0,0,0,0,0,0,0,0,0,0,0,0,0,0,0,0,0,0,0,0,0,0,0,0,0.043,0,0.13,0,0.086,4.6,139,276
0.05,0,0.15,0,0.1,0,0,0,0.52,0,0,0.15,0,0,0,0,0.1,0,0.21,0,0.1,0,0,0,0.47,0.52,0.05,0,0,0,0,0,0.15,0,0,0.05,0.36,0,0,0,0,0,0,0.1,0,0,0,0.05,0.164,0.171,0.068,0,0.013,0,3.591,35,1329
0.09,0,0.27,0,0.36,0.09,0,0.18,0.09,0,0,0.73,0,0.36,0,0,0,0,2.01,0,3.38,0,0.36,0.09,0,0,0,0,0,0,0,0,0,0,0,0,0,0,0,0,0,0,0,0,0.27,0,0,0,0.016,0.048,0.032,0.257,0.032,0.032,3.689,69,535
0,0,1.13,0,1.13,0.56,0.56,0,0,0.56,0,1.13,0,0,0,3.97,0,0,2.84,0,0.56,0,0.56,0,0,0,0,0,0,0,0,0,0,0,0,0,0,0,0,0,0,0,0,0,0,0,0,0,0,0.288,0,0.768,0,0,11.685,296,409
0,0,0,0,0,0,0,0,0,0.75,0,0,0,0,0,0,0,0,2.25,0,0,0,0,0,0,0,0,0,0,0,0,0,0,0,0,0,0,0,0,0,0,0,0,0,0,0.75,0,0,0,0,0,0,0,0,3.333,51,90
0,0,0,0,0,0,0,0,0,0,0,0,0,0,0,0,0,0,0,0,0,0,0,0,0,0,0,0,0,0,0,0,0,0,0,0,0,0,0,0,0,0,0,0,0,0,0,0,0,0,0,0,0,0,5.5,9,11
0,0,0,0,0,0,0,0,0,0,0,0,0,0,0,0,0,0,0,0,0,0,0,0,0,0,20,0,0,0,0,0,0,0,0,0,0,0,0,0,0,0,0,0,0,0,0,0,0,0,0,0,0,0,1,1,5
0,0,0,0,0,0,0,0,0,0,0,0.5,0,0,0,0,0,0.5,1.5,0,0.5,0,0,0,2.01,1.5,1,1,0,0,0,0,0,0,0.5,0,0,0,0,0,0,0,0,0,1,0,0,0,0,0.168,0.084,0.084,0,0.168,2.303,15,129
0,0,0.38,0,1.15,0.38,0,0.19,0.19,0,0,1.72,0,0,0,0,0.19,0,4.03,0,2.3,0,0.38,0,0,0,0,0,0,0,0,0,0,0,0,0,0,0,0,0.19,0,0,0,0,0,0,0,0,0,0.031,0,0.349,0,0,5.886,105,312
0,0.26,0.78,0,0.26,0.43,0.08,1.12,0.43,1.47,0.26,0.69,0.17,0.08,0.69,0.86,0.6,0,1.82,0.6,1.39,0,0.08,0.26,0,0,0,0,0,0,0,0,0.08,0,0,0,0,0,0,0,0,0,0,0,0.26,0.08,0,0,0.097,0.222,0,0.444,0.25,0.111,3.138,54,929
0,0,0,0,0.64,0,0,0,1.28,0,0,0.64,0,0,0,0,0,0,0,0,1.28,0,0,0,0,0,1.28,0,0,0,0,0,0,0,0,0,0.64,0,0,0,0,0,0,0,0.64,0,0,0,0,0,0,0.197,0,0,2.35,13,94
0,0,1.68,0,0.33,0,0,0,0,0.33,0,0,0,0,0,0.33,0,0,2.02,0,0.67,0,0,0,0,0,0,0,0,0,0,0,0,0,0,0,0,0,0,0,0,0,0,0,0.33,0,0,0,0,0.06,0,0.484,0,0,1.796,19,203
0,0,0.72,0,0.72,0,0.72,0,0,0,0,0,0.72,0,0,0,0,0,1.45,0,1.45,0,0,0.72,0,0,0,0,0,0,0,0,0,0,0,0,0,0,0,0,0,0,0,0,0,0,0,0,0,0.364,0,0.729,0.121,0,7.781,32,249
0,0,0,0,0,0,0,0,0,0,0,0,0,0,0,0,0,0,0,0,0,0,0,0,0,0,0,0,0,0,0,0,0,0,0,0,0,0,0,0,0,0,0,0,0,0,0,0,0,0,0,0,0,0,1.166,2,7
0,0,0,0,0,0,0,0,0,0,0,0.58,0,0,0,0.58,0,0,2.9,0,0.58,0.58,0,0,0,0,0,0,0,0,0,0,0,0,0,0,0,0,0,0,0,0,0,0,0,0.58,0,0,0,0.185,0,0,0,0.092,2.468,11,79
0,0,0,0,0,0,0,0,0,0,0,0,0,0,0,0,0,0,0,0,0,0,0,0,0,0,0.17,0,0.17,0,0,0,0,0,0,0,0,0,0,0,0,0,0,0,0,0,0,0,0,0.026,0.343,0,0,0.026,4.326,28,822
0.34,1.03,0.34,0,1.03,0,2.41,0.34,0,1.72,2.06,2.06,0.68,0,0.34,0,0,3.44,4.13,0,2.06,0,0,0,0,0,0,0,0,0,0,0,0,0,0,0,0,0,0,0,0,0,0,0,0,0,0,0,0,0.116,0,0,0,0,1.888,6,68
0.09,0.49,0.59,0,0.29,0.19,0,0,0.09,0.39,0,1.58,0.19,0,0,0,0.09,0,3.76,0.09,1.09,0,0,0.09,0,0,0,0,0,0,0,0,0,0,0,0,0,0,0,0,0,0,0,0,0,0,0,0,0.765,0.037,0,5.831,1.309,0,6,54,756
0,14.28,0,0,0,0,0,0,0,0,0,0,0,0,0,0,0,0,0,0,0,0,0,0,0,0,0,0,0,0,0,0,0,0,0,0,0,0,0,0,0,0,0,0,0,0,0,0,0,0,0,0,0,0,1.8,5,9
0.47,0.31,0.47,0,0.05,0.15,0.05,0.23,0.44,0.76,0.26,0.97,0.58,1.27,0,0.26,0.44,0,3.25,0,1.5,0,1.11,0.34,0,0,0,0,0,0,0,0,0,0,0,0,0,0,0,0,0,0,0,0,0.02,0,0,0,0,0.068,0,0.344,0.784,0.154,6.094,193,3029
0.41,0,0.41,0,0,0.41,0,0,0,0,0,2.07,0,0,0,0.41,0,0,7.05,0,2.48,0,0.82,0.41,0,0,0,0,0,0,0,0,0,0,0,0,0,0,0,0,0,0,0,0,0,0,0,0,0,0,0,0.97,0.149,0,32.142,335,450
0,0,0.26,0,0.52,0,0,0,0,0,0,0,0,0,0,0,0,0.52,1.56,0,1.56,0,0,0,0,0,0,0,0,0,0,0,0,0,0,0.52,0,0,0,0.26,0,0,0,0,0.26,0,0,0,0.753,0.113,0,0.037,0.037,0,1.797,20,169
0.61,0,0,0,1.22,0.61,0.61,0,0.61,0,0,1.22,0,0,0,1.22,0,0,5.52,0,0.61,0,0.61,0,0,0,0,0,0,0,0,0,0,0,0,0,0,0,0,0.61,0,0,0,0,0,0,0,0,0,0.184,0,0.829,0,0,4.45,34,89
0,0,0.85,0,0.42,0,0,0,0,0,0,0,0,0,0,0.42,0,0,2.14,0,1.28,0,0,0,0,0,0,0,0,0,0,0,0,0,0,0,0,0,0,0,0,0,0,0,0.42,0,0,0,0,0.159,0,1.117,0,0,1.206,7,117
0,0,0,0,1.05,0,0,0,0,0,0,0,0,0,0,0,0,0,2.11,0,2.81,0,0,0,0,0,0.7,0,0,0,0,0.35,0,0.35,0,0,0,0,0,0,0,0,0,0,0,0,0,0,0,0.047,0,0,0,0.047,2.232,12,163
0,0,0,0,0,0,0,0,0,0,0,0,0,0,0,0,0,0,0,0,0,0,0,0,0,0,0,0,0,0,0,0,0,0,0,0,0,0,0,0,0,0,0,0,0,0,0,0,0,0,0,0,0,0,1,1,3
0.57,0,1.72,0,0,0,0,0.57,0,0,0,0.57,1.72,0,0,0,0.57,0,4.59,0,0,0,0,0.57,0,0,0,0,0,0,0,0,0,0,0,0,0,0,0,0,0,0,0,0,0,0,0,0,0,0.099,0,0.396,0.099,0,2.333,11,70
0,0,0,0,1.21,0,0,0,0,0,0,0,0,0,0,2.43,0,0,3.65,0,1.21,0,0,0,0,0,0,0,0,0,0,0,0,0,0,0,0,0,0,0,0,0,0,0,0,0,0,0,0,0,0,0,0,0,1,1,31
0.12,0,0.12,0,0,0,0,0,1.12,0,0,0.37,0,0,0,0,0,0,0.49,0,0.24,0,0,0,0.62,0.74,0.12,0,0,0,0,0,0.37,0,0,0,0.12,0,0,0,0,0,0,0,0,0,0,0,0.12,0.189,0.034,0,0.034,0,3.302,41,535
0,0,0,0,0,0,0,0,0,0,0,1,0,0,0,0,0,0,0,0,0,0,0,0,0,0,0,0,0,0,0,0,0,0,0,0,0,0,0,0,0,0,0,0,0,0,0,0,0,0,0,0,0,0,1.733,9,26
0.17,0,0.51,0,0.17,0,0.17,0.34,0.17,0,0,0,0,0.34,0,0,0,0,0,0,0,0,0.34,0,0,0,0,0,0,0,0,0,0,0,0,0,0,0,0,0,0,0,0,0,0,0,0,0,0,0.026,0,0,0,0,1.559,10,145
0,0,0.32,0,0.65,0.65,0.32,0.32,0,0,0,0.32,0.32,0,0,0.32,0.32,0,2.28,0,3.25,0,0,0.32,0,0,0,0,0,0,0,0,0,0,0,0,0,0,0,0,0,0,0,0,0.65,0,0,0,0,0.111,0,0,0.166,0,1.494,10,139
0,14.28,0,0,0,0,0,0,0,0,0,0,0,0,0,0,0,0,0,0,0,0,0,0,0,0,0,0,0,0,0,0,0,0,0,0,0,0,0,0,0,0,0,0,0,0,0,0,0,0,0,0,0,0,1.8,5,9
0,0,0,0,0,0,0,0,0.89,0,0,0,0,0,0,0,0,0,0.89,0,3.57,0,0,0,0,0,0,0,0,0,0,0,0,0,0,0,0,0,0,0,0,0,0,0,0,0,0,0,0,0.13,0,0.52,0,0,3.5,46,105
0,0,0,0,0,0,0,0,0,0,0,0,0,0,0,0,0.86,0,0,0,0.86,0,0,0,0.86,0,0,0,0,0,0,0,0,0,0,0,0,0,0,0,0,0,0,0,0,0,0,0,0,0,0,0,0,0,1.944,8,35
0,0,0,0,1.04,1.04,0,0,0,0,0,0,0,0,0,6.25,0,0,4.16,0,0,0,0,0,0,0,0,0,0,0,0,0,0,0,0,0,0,0,0,0,0,0,0,0,0,0,0,0,0,0,0,5.555,0,0,3.275,14,95
0,0,0,0,0,0,0,0,0,0,0,0,0,0,0,0,0,0,0.81,0,0,0,0,0,0,0,0,0,0,0,0,0,0,0,0,0,0.81,0,0,0,1.62,0,0.81,0,1.62,1.62,0,0,0,0,0.137,0,0,0.137,1.636,12,36
0,0,1.17,0,0,0,0,0,0,0,0,2.35,0.78,0,0,0,0,0,3.13,0,0.39,0,0,0,0,0,0,0,0,0,0,0,0,0,0,0,0,0,0,0,0,0,0,0,0,0.39,0,0,0,0.284,0,0.284,0.213,0.071,1.565,12,72
0,0,0,0,0,1.28,0,0.64,0,0,0,0,0,0,0,0,0,0,3.84,0,0.64,0,0,0,0,0,0,0,0,0,0,0,0,0,0,0,0,0,0,0,0,0,0,0,0,0,0,0,0,0,0,1.103,0.11,0,1.777,12,64
0,0,0.52,0,0,0,0,0,0,0,0,1.56,0,0,0,0.52,0,0,0.52,0,0,0,0,0,0,0,0,0,0,0,0,0,5.72,0,0,0,1.56,0,0,0,0.52,1.04,0,0,0,0.52,0,0,0,0.075,0.151,0,0,0,2.416,18,116
0,0.35,0.7,0,0.7,0,0.35,0.35,0,0.35,0.7,0,0,0,0,0.7,0,0.35,4.25,0,1.77,0,0,0,0,0,0,0,0,0,0,0,0,0,0,0.35,0,0,0,0,0,0,0,0,0,0,0,0,0,0.113,0,0.397,0,0,3.388,58,183
0,0,0.65,0,0.32,0,0,0,0,0,0,0.32,0,0,0,0,0,0,0,0,0,0,0,0,0,0,0,0,0,0,0,0,0,0,0,0,0,0,0,0,0,0,0,0,0,0,0,0,0,0.061,0.061,0.061,0,0,1.392,11,71
0.13,0,0.13,0,0.27,0.27,0,0,0,0,0,0.41,0.27,0,0,0,0,0,1.25,0,0.27,0,0,0,0,0,0,0,0,0,0,0,0,0,0,0,0,0,0.13,0,0,0,0,0,0.27,0.13,0,0,0,0.294,0,0.514,0,0,1.409,17,172
0,0.75,0.25,0,0,0,0,0.5,0,0.5,0.25,0.75,0,0,0,1.5,0,1.5,4.26,0,4.51,0,0,0,0,0,0,0,0,0,0,0,0,0,0,0,0,0,0,0,0,0,0,0,0,0,0,0,0.045,0.18,0,0,0,0,1.023,3,86
0,0,0,0,0,0,0,0,0,2.43,0,2.43,0,0,0,0,0,0,0,0,2.43,0,0,0,0,0,0,0,0,0,0,0,0,0,0,0,0,0,0,0,0,0,0,0,0,0,0,2.43,0,0,0,0,0,0,5.3,40,53
0,0,0.18,0,0.18,0,0,0,0.54,0.36,0.36,0.9,0,0.36,0,0.72,0,0.18,2.7,0.18,0.72,0,0,0.54,0,0,0,0,0,0,0,0,0,0,0,0,0,0.36,0,0,0,0,0.18,0,0,0,0,0,0,0,0,0.633,0.063,0,9.043,363,841
0,1.2,0.4,0,0.4,0,0.8,0.4,0,0,0,0.8,0.4,0,0,0.8,0.4,1.2,3.62,0,1.61,0,0,1.61,0,0,0,0,0,0,0,0,0,0,0,0,0,0,0,0,0,0,0,0,0.4,0,0,0,0,0.069,0,0.552,0.207,0.138,6.652,69,153
0,0,0.55,0,0,0,0,0,0,0,0,0.55,0.55,0,0,0,0,0,0.55,0,0,0,0,0,0,0,0,0,0,0,0,0,0,0,0,0,0,0,0,0,0,0,0,0,0,0.55,0,0,0,0.087,0,0,0,0,2.54,47,94
0,0,0,0,0,0,0,0,0,0,0,0,0,0,0,0,1.48,0,1.48,0,0.74,0,0,0,2.96,0,0,0.74,0,0,0,0,0,0,0,0,0,0,0,0,0,0,0,0,0,0,0,0,0,0.105,0,0,0.105,0.105,2.555,12,69
0,0,0,0,0,0,0,0,0,0,0,0,0,0,0,0,0,0,4.25,0,2.12,0,0,0,0,0,0,0,0,0,0,0,2.12,0,0,0,0,0,0,0,0,0,0,0,0,0,0,0,0,0,0,0,0,0,4.5,26,45
0,0,0.66,0,0,0.66,0,0,0,0,0,0.66,0,0,0,0,0,0,1.66,0,0.66,0,0,0,0,0,0,0,0,0,0,0,0,0,0,0,0,0,0,0,0,0,0,0.33,0.33,0,0,0,0,0,0,0,0,0,1.142,4,56
0,0,0,0,0,0,0,0,0,0,0,0,0,0.8,0,0,0,0,5.6,0,4,0,0,1.6,0,0,0,0,0,0,0,0,0,0,0,0,0,0,0,0,0,0,0,0,0,0,0,0,0.122,0.244,0,0,0,0,1.909,6,21
0,0,0,0,0,0,0,0,0,0,0,0,0,0,0,0,0,0,0,0,0,0,0,0,0,0,4.16,0,0,0,0,0,0,0,0,0,0,0,0,0,0,0,0,0,4.16,0,0,0,0,0,0,0,0,0,1.333,4,12
0,0,0,0,0,0,0,0,0,0,0,0,0,0,0,0,0,0,0,0,0,0,0,0,0,0,20,0,0,0,0,0,0,0,0,0,0,0,0,0,0,0,0,0,0,0,0,0,0,0,0,0,0,0,1,1,5
0.64,0,0.64,0,1.28,0,0.64,0,0,0,0,0.64,0,0,0,0.64,0.64,0,1.28,0,2.56,0,0.64,0,0,0,0,0,0,0,0,0,0,0,0,0,0,0,0,0,0,0,0,0,0,0,0,0,0,0,0,0.554,0.369,0,2.333,22,119
0.9,0,0,0,0,0,0,0,0,0,0,0.9,0,0,0,0,0,0,0,0,0,0,0,0,0.9,0.9,0,0,0,0,0,0,0,0.9,0,0,0.9,0,0,0,0,0,0,0,0,0,0,0,0,0.15,0,0,0,0,3.225,22,129
1.18,0.39,0.59,0,0,0.98,0.19,0.19,1.38,0.39,0,0.98,0,0.19,0,0.98,0,0,2.56,0.39,1.38,0,0,1.38,0,0,0,0,0,0,0,0,0,0,0,0,0,0,0,0,0,0,0,0,0,0,0,0,0,0.238,0,0.766,0.317,0.026,6.652,76,632
0,0.37,0.37,0,0.09,0.09,0,0.37,0,0,0,0.28,0.28,0,0,0.84,0.09,0.56,2.72,0,2.16,0,0.18,0,0,0,0,0,0,0,0,0,0,0,0,0,0.09,0,0,0,0,0,0,0,0.18,0,0,0,0,0.056,0,0.142,0.071,0.014,1.934,19,383
0,0,0,0,0,0,0,0,0,0,0,0,0,0,0,0,0,0,2.43,0,0,0,0,0,0,0,0,0,0,0,0,0,0,0,0,0,0,0,0,0,0,0,0,0,0,0,0,0,0,0,0,0,0,0,1.555,3,14
0,0.66,0.66,0,1.33,0.33,0.33,0,0.33,0,0.33,0.33,0,0,0,0.33,0.66,1,1,1,2,0,0,0,0,0,0,0,0,0,0,0,0,0,0,0,0,0,0,0,0,0,0,0,0.66,0,0,0,0,0.266,0,0.372,0.159,0,1.894,14,161
0,0,1.63,0,0,0,0,0,0,0,0,1.63,0,0,0,1.63,0,0,1.63,0,1.63,0,0,0,0,0,0,0,0,0,0,0,0,0,0,0,0,0,0,0,0,0,0,0,0,0,0,0,0,0,0,0,0,0,1.181,3,13
0,0,0,0,0,0,0,0,0,0,0,0,0,0,0,0.72,0,0.72,2.18,0,0.72,0,0,0,0,0,0,0,0,0,0,0,0,0,0,0,0,0,0,0,0,0,0,0,0.72,0,0,0,0,0.298,0,0.198,0,0.099,4,59,128
0,0,0,0,0,0,0,0,0,0,0,0,0,0,0,0,0,0,0,0,0,0,0,0,0,0,0,0,0,0,0,0,0,0,0,0,0,0,0,0,0,0,0,0,0,0,0,10,0,0,0,0,0,0,1.4,3,7
0,0,0,0,0.58,0,0,0,0,0,0,0,0,0,0,0,0,0,0.58,0,0,0,0,0,0.58,0.58,0,0,0,0,0,0,0,0,0,1.16,1.74,0,0.58,0,0,0,0.58,0,0,0,0,1.74,0,0,0.118,0,0,0,6.428,98,315
0,0,0,0,0,1.4,0,0,0,0,0,0,0,0,0,2.81,0,0,0,0,0,0,0,0,0,0,0,0,0,0,0,0,0,0,0,0,0,0,0,0,0,0,0,0,0,0,0,0,0,0.24,0,0.963,0,0,3.8,17,57
0,0,0,0,0.93,0,0,0,0,0,0,0.93,0,0,0,0,0,0,0,0,0,0,0,0,3.73,0,0,0,0,0,0,0,3.73,0,0,0,0,0,0,0,0,0,0,0,0,0,0,0,0,0,0,0,0,0,1.533,7,46
0,0,0,0,0,0.54,1.63,0,0,0,0.54,0.54,0,0,0,0.54,2.73,0.54,4.91,0,2.18,0,0,0,0,0,0,0,0,0,0,0,0,0,0,0,0,0,0,0,0,0,0,0,0,0,0,0,0,0,0,0,0.171,0,2.592,32,70
0,0.3,0.75,0,0.3,0,0.15,0,0,0.45,0.15,0,0.15,0,0.15,0.15,0,0.75,0.15,0.15,0.6,0,0,0,0,0,0,0.15,0,0,0,0,0.15,0,0,0,0,0,0,0,0,0,0,0,0,0,0,0,0,0.02,0,0.352,0.02,0.041,5.938,149,1057
0,0,0,0,0,0,0,0,0,0,0,0,0,0,0,0,0,0,3.84,0,0,0,0,0,0,0,0,0,3.84,0,0,0,0,0,3.84,0,0,0,0,0,0,3.84,0,0,0,0,0,0,0,0,0,0,0,0.751,2.333,13,21
0,0,0,0,0,0,0,0,0,0,0,0,0,0,0,0,0,0,0,0,0,0,0,0,2.17,0,0,0,0,0,0,0,0,0,2.17,0,0,0,0,0,0,0,0,0,0,0,0,0,0,0.682,0,0,0,0,4.208,15,101
0,0,0,0,0.75,0,0,0,0,0,0,0,0,0,0,0,0,0,1.5,0,0,0,0,0,3.75,3,2.25,0.75,0.75,0.75,0.75,0.75,0,0.75,0.75,0.75,0.75,0,0.75,0.75,0,0.75,0.75,0,0.75,0,0,0,0,0.222,0,0,0,0,1.833,12,77
0,0,0,0,0,0,0,0,0,0,0,1.07,0,0,0,0,0,1.07,2.15,0,0,0,0,0,2.15,3.22,0,2.15,0,0,0,0,0,0,2.15,0,0,0,0,0,0,2.15,0,0,0,0,0,0,0,0,0,0,0,0,1.718,11,55
0,0,0,0,0,0,0,0,0,0.8,0,0,0,0,0,1.61,0,0,0.8,0,0.8,0,0,0,0.8,0,0,0,0,0,0.8,0,0.8,0,0,0,0,0,0,0,0,0,0,0,0,0,0,0,0,0.089,0,0,0,0,2.405,28,89
0,0,0,0,0,0,0,0,0,0,0,0,0,0,0,0,0,0,0,0,0,0,0,0,0,0,0.09,0,0.19,0,0,0,0.09,0,0,0,0,0,0,0.09,0,0,0,0,0,0,0,0,0,0.046,0.341,0,0,0.031,4.413,28,1399
0,0,0.55,0,0.22,0.22,0.11,0,0.11,0.22,0,0.33,0.33,0,0,0,0.22,0,0,0,0,0,0.55,0,0,0,0,0,0,0,0,0,0,0,0,0,0,0,0,0,0,0,0,0,0,0,0,0,0,0.16,0,0.035,0.124,0,1.98,14,305
0,0,0,0,0,0,0,0,0,0,0,0,0,0,0,0,0,0,0,0,0,0,0,0,0,0,25,0,0,0,0,0,0,0,0,0,0,0,0,0,0,0,0,0,0,0,0,0,0,0,0,0,0,0,2.333,5,7
0,0,0,0,0,0,0,0,0,0.64,0,0,0,0,0,0,0,0,0,0,0,0,0,0,0,0,0.64,0,0.64,0,0,0,0.64,0,0,0,0,0,0,0,0,0,0,0,0,0,0,0,0,0.314,0.209,0,0,0.104,4.062,28,195
0,0,0,0,0,0,0,0,0,0,0,1.75,0,0,0,0,0,0,2.63,0,3.5,0,0,0,0,0,0,0,0,0,0,0,0,0,0,0,0,0,0,0,0,0,0,0,0,0,0,0,0,0,0,0,0,0,1.235,5,21
0.4,0,0.81,0,0,0,0,0,0,0,0,0,0,0,0,0.4,0,0.81,1.22,0,0.81,0,0,0,0,0,0,0,0,0,0,0,0,0,0,0,0,0,0,0,0,0,0,0,1.22,0,0,0,0,0.223,0,0,0,0.055,4.75,70,266
0,0,0,0,0,0,0,0,0,0,0,0,0,0,0,0,0,0,0,0,0,0,0,0,0,0,0,0,0,0,0,0,0,0,0,0,0,0,0,0,0,0,0,0,0,0,0,0,0,0,0,0,0,0,1,1,1
0,0.19,1.08,0,0.79,0.79,0.49,0,0.89,0.29,0.29,0.69,0.29,0,1.58,0.09,0,1.08,1.38,0.19,0.69,0,0.59,0.19,0,0,0,0,0,0,0,0,0,0,0,0,0,0,0,0,0,0,0.19,0,0.09,0.09,0,0,0,0.092,0,0.417,0.154,0.015,8.323,669,1365
0.43,0,0.43,0,0,0.21,0,0,0,0.21,0,0.21,0.21,0,0,0,0,0,1.08,0,0.43,0,0,0,0.43,0.43,0,0.43,0,0.21,0,0,0,0,0.43,0,0,0,0,0.21,0,0,0,0,0,0,0.65,0,0.034,0.238,0.136,0,0,0,3.372,75,344
0,1.47,0,0,0,0,1.47,0,0,0,0,0,0,0,0,1.47,1.47,0,0,0,1.47,0,0,0,0,0,0,0,0,0,0,0,0,0,0,0,1.47,0,0,0,0,0,0,0,0,0,0,0,0,0.338,0,0.508,0.169,0.169,10.625,140,170
0,0,3.61,0,0,0.6,0,0,0,0,0,0,0,0,0,0,0,0,3.61,0,0,0,0,0,0,0,0,0,0,0,0,0,0,0,0,0,0,0,0,0,0,0,0,0,0.6,0,0,0,0,0,0,0.12,0,0.12,1.96,9,49
0,0,0,0,0,0,0,0,0,0,0,1.92,0,0,0,0,0,0,0,0,0,0,0,0,0,0,0,0,0,0,0,0,0,0,0,0,0,0,0,0,0,0,0,0,0,0,0,0,0,0,0,0,0,0,1.655,8,48
0,0,0,0,0,1.29,0,0.64,0,0,0,0,0,0,0,0,0,0,3.87,0,0.64,0,0,0,0,0,0,0,0,0,0,0,0,0,0,0,0,0,0,0,0,0,0,0,0,0,0,0,0,0,0,1.116,0.111,0,1.8,12,63
0,0,0,0,0,0,0,0,0,0,0,1.36,0,0,0,0,0,0,4.1,0,0,0,0,0,0,0,0,0,0,0,0,0,0,0,0,0,0,0,1.36,0,0,0,0,0,1.36,1.36,0,0,0,0,0,0.234,0,0,2.076,15,27
0,0,0,0,0,0.76,0,0,0,0,0,0.76,0,0.76,0,0,0,0,1.53,0,0.76,0,0,0,0,0,0.76,0,0,0,0,0,0.76,0,0,0,0,0,0,0,0,0.76,0,0,0,0,0,0,0.133,0.133,0,0,0,0,1.269,4,33
0.54,0,1.08,0,0.54,0,1.08,0,0,0,0,0.54,0,0,0,0.54,0.54,0,4.32,0,1.08,0,1.62,0,0,0,0,0,0,0,0,0,0,0,0,0,0,0,0,0,0,0,0,0,0.54,0,0,0,0,0,0,1.216,0.26,0,5.454,68,180
0.4,0.48,0.37,0,0.14,0.14,0.03,0.07,0.55,0.66,0.29,0.89,0.44,1.04,0.03,0.26,0.37,0.07,3.16,0,1.41,0,0.48,0.59,0,0,0,0,0,0,0,0,0.03,0,0,0,0,0.03,0,0,0,0,0,0,0.07,0,0,0,0,0.082,0,0.433,0.529,0.114,6.482,140,2379
0,0,0,0,0,0,0,0,0,0,0,0,0,0,0,0,0,0,0,0,0,0,0,0,0,0,0,0,0,0,0,0,3.44,0,0,0,0,0,0,0,0,0,0,0,0,0,0,0,0,0,0,0,0,0,1.5,6,66
0.17,0,0.08,0,0.42,0.08,0.08,0.42,0.08,0.08,0,0.6,0.17,0.17,0,0,0.17,0.08,1.2,0,3.17,0,0.34,0.08,0,0,0,0,0,0,0,0,0,0,0,0,0,0,0,0,0,0,0,0,0,0,0,0,0,0.081,0.027,0.095,0.013,0,4.07,48,574
0,0,0,0,1.48,0.74,1.48,0,0,0.74,0.74,0.74,0.74,0,0,0.74,0.74,0,2.22,0,3.7,0,0,0,0,0,0,0,0,0,0,0,0,0,0,0,0,0,0,0,0,0,0,0,0,0,0,0,0,0,0,0.108,0,0,2.346,12,61
0,0,0.53,0,0,0.53,0,0,0,0.53,0,0,0.53,0,0,0,0,0,2.15,0,0.53,0,0,0,0,0,0,0,0,0,0,0,0,0,0,0,0,0,0,0,0,0,0,0,1.07,0,0,0,0,0.101,0,0,0,0,1.857,16,52
0,14.28,0,0,0,0,0,0,0,0,0,0,0,0,0,0,0,0,0,0,0,0,0,0,0,0,0,0,0,0,0,0,0,0,0,0,0,0,0,0,0,0,0,0,0,0,0,0,0,0,0,0,0,0,1.8,5,9
0,0,0.46,0,0,0,0,0.15,0,0,0,0.15,0,0,0,0,0,0.46,0.93,0,0,0,0.46,0,0,0,0,0,0,0,0,0,0,0,0,0.15,0,0,0,0.93,0,0,0,0,0,0,0,0,0.071,0.071,0,0.095,0.023,0,62.75,1505,2761
0,0,0,0,0.57,0,0,0,0,0,0,1.72,0,0,0,0,0,0.57,0,0,0,0,0,0,1.72,0.57,0,0.57,0,0.57,0,0,0,0,0.57,0.57,0,0,0,0,0,0,0,0,0,0,0,0,0,0.077,0,0,0,0,1.964,12,110
0,0,0.29,0,0.29,0.29,0.29,0.29,0,0,0.58,0.87,0,0,0,0.87,0.58,0.29,2.61,2.61,2.9,0,0,0.58,0,0,0,0,0,0,0,0,0,0,0,0,0,0,0,0,0,0,0,0,0,0,0,0,0,0.046,0,0.14,0,0.14,4.892,139,274
0,0,0,0,0,0,0,0,0,0,0,0,0,0,0,0,0,0,0,0,0,0,0,0,0,0,0,0,0,0,0,0,0,0,0,0,0,0,0,0,0,0,0,0,0,0,0,0,0,0,0,0,0,0,1,1,3
0,0,0,0,0.92,0,0,0,0,0,0,0.92,0,0,0,0,0,0,0.92,0,0.92,0,0,0,0,0,0,0,0,0,0,0,0,0,0,0,0,0,0,0,0,0,0,0,0,0,0,0,0,0,0,0,0,0,1.5,7,33
0.19,0.19,0.29,0,1.07,0.19,0.19,0.97,0.87,0.58,0.09,1.07,0.19,0.87,0.09,0,0,1.17,3.71,0.68,1.75,0,0.09,0.29,0,0,0,0,0,0,0,0,0,0,0,0,0,0,0.09,0.09,0,0,0,0,0,0,0,0,0,0,0.194,0.404,0.224,0.029,4.285,49,870
0,0,0,0,0,0,0,0,0,0,0,0.74,0,0,0,0,0,0.74,1.49,0,0,0,0,0,4.47,2.23,0,0.74,0,0.74,0.74,0,0,0,0.74,0.74,0,0,0,0,0,0,0,0,0,0,0,0,0,0.102,0.204,0.102,0,0.204,2.121,10,87
0.3,0,0.61,0,0,0,0,0,0,0.92,0.3,0.92,0.3,0.3,0,2.15,0.61,0,5.53,0,1.23,0,0,0.3,0,0,0,0,0,0,0,0,0,0.3,0,0,0,0,0,0,0,0,0,0,0.3,0,0,0,0,0.1,0,1.053,0.351,0.25,3.884,66,303
0,0,0,0,0,0,0,0,0,0,0,0,0,0,0,0,0,0,0,0,0,0,0,0,0,0,33.33,0,0,0,0,0,0,0,0,0,0,0,0,0,0,0,0,0,0,0,0,0,0,0,0,0,0,0,1,1,3
0,0,1.96,0,0,0,0,0,0,0,0,3.92,0,0,0,0,0,0,0,0,0,0,0,0,1.96,3.92,0,0,0,1.96,0,0,0,0,0,0,0,0,0,0,0,0,0,0,0,0,0,0,0,0.476,0,0,0,0,2.318,25,51
0,0.34,1.02,0,0.68,0.34,0.34,0,0,0,0,0.34,0,0,0,2.04,0,0.34,4.76,0,2.38,0,0,0.34,0,0,0,0,0,0,0,0,0,0,0,0,0,0,0,0,0,0,0,0,0,0,0,0,0,0.161,0,0.215,0,3.879,6.978,56,328
0.44,0,0.88,0,0.44,1.32,0,0,0,0,0,0,0,0,0,0,0,0.44,1.76,0,2.2,0,2.2,0,0,0,0,0,0,0,0,0,0,0,0,0,0,0,0,0,0,0,0,0,0,0,0,0,0.222,0,0,0.444,0.37,0,2.413,16,140
0,0.52,0.52,0,0,1.57,0,0,0,0,0,0,0,0,0,0.52,0,0.52,1.04,0,0.52,0,0,0,0,0,0,0,0.52,0,0,0,0,0,0,0,0,0,0,0,0,0.52,0,0.52,0,0,0,0,0,0.087,0,0.175,0,0,1.093,3,35
0,0,0,0,0,0,0,0,2.29,0,0,0.76,0,0,0,0,0,0,0,0,0,0,0,0,5.34,1.52,1.52,0.76,0.76,2.29,0.76,0.76,0,0.76,0.76,0.76,0,0,0.76,0.76,0,0,0,0,0.76,0,0,0,0,0.157,0,0,0,0,4.242,52,140
0,0,0,0,2.08,0,0,0,0,0,0.83,0.83,0,0,0,0.83,0,1.66,2.91,0,0.41,0,0,0,0,0,0,0,0,0,0,0,0,0,0,0,0,0,0,0,0,0,0,0,0,0,0,0,0,0.131,0,0.329,0,0.065,2.962,11,157
0,0.22,0.33,0,0.22,0.11,0,0,0,0,0.11,0.44,0,0,0,0,0,0,0.44,0,0.11,0.11,0,0,0.11,0.11,0,0,0,0,0,0,0.11,0,0,0,0,0,0.11,0,0,0,0,0,0.66,0,0,0,0.019,0.253,0,0,0,0,2.068,11,395
0,0,0.84,0,0.56,0,0,0.56,0,0,0,0,0,0,0,0.28,0,0,1.13,0,0.28,0,0,0,0,0,0,0,0,0,0,0,0,0,0,0,0,0,0,0.28,0,0,0,0,0,0,0,0,0,0.278,0,0.046,0,0,1.661,6,118
0,0,0,0,0,0,1.11,0,0,1.11,0,0,0,0,0,0,0,0,2.22,0,1.11,0,0,0,0,0,0,0,0,0,0,0,0,0,0,0,0,0,0,0,0,0,0,0,0,0,0,0,0,0.202,0,0.202,0,0,4,16,40
2,0,0,0,0,0,0,0,0,0,2,2,0,0,0,0,0,0,2,0,8,0,0,0,0,0,0,0,0,0,0,0,0,0,0,0,0,0,0,0,0,0,0,0,0,0,0,0,0,0,0,0,0,0,5.888,29,53
0,0,0,0,0,2.3,0,0,0,0,0,0.76,0.76,0,0,0,0,0,2.3,0,1.53,0,0,0,0,0,0,0,0,0,0,0,0,0,0,0,0,0,0,0,0,0,0,0,0,0,0,0,0,0.868,0,2.894,0.868,0,5.607,25,157
0,0,0.57,0,0.28,0,0,0.57,0,0,0,0.28,0,0,0,0.57,1.15,0,0.86,2.31,2.02,0,0,0,0,0,0,0,0,0,0,0,0,0,0,0,0,0,0,0,0,0,0,0,0,0,0,0,0,0.047,0,1.147,0.191,0.191,11.735,489,622
0,0,0,0,0,0,0,0,0,0,0,1.4,0,0,0,0,0.7,0,1.4,0,1.4,0,0,0,0,0,0.7,0,0,0,0.7,0,0,0,1.4,0,0,0,0,2.11,0,0,0,0,0,0,0,0,0,0.267,0.066,0,0,0,17.952,200,377
0,0,0,0,0,0,0,0,0,0,0,0,0.54,0,0,0.54,0.54,0,1.63,0,0.54,0,0,0,0,0,0,0,0,0,0,0,0,0,0,0,0,0,0,0,0,0,0,0.54,0,0.54,0,0,0,0,0,0.407,0,0,2.038,14,53
0,0,0,0,0,0,0,0,0,0,0,0,0,2.94,0,0,0,0,2.94,0,2.94,0,0,0,0,0,2.94,0,0,0,0,0,0,0,0,0,0,0,0,0,0,0,0,0,2.94,0,0,0,0,0,0,0,0,0,1,1,10
0,0,0,0,0,0,0,0,0,0,0,0,0,0,0,0,0,0,0,0,0,0,0,0,3.7,3.7,3.7,0,0,0,0,0,0,0,0,0,0,0,0,0,0,0,0,0,0,0,0,0,0,0,0.645,0,0,0.645,2.888,8,26
0,0,0,0,0,0,0,0,0,0,0,0,0,0,0,0,0,0,0,0,0,0,0,0,0,0,0,0,0,0,0,0,0,0,0,0,0,0,0,0,7.14,0,0,0,0,7.14,0,0,0,0,0,0,0,0,5.5,10,11
0,0,0,0,0,0,0,0,0,0,0,0,0,0,0,0,0,0,0,0,0,0,0,0,0,0,12.5,0,0,0,0,0,0,0,0,0,0,0,0,0,0,0,0,0,0,0,0,0,0,0,0,0,0,0,1.25,2,5
0.36,0.29,0.36,0,0,0.58,0.07,0.14,0.66,1.25,0.14,1.39,0.58,1.1,0.14,0.14,0,0,2.35,0,1.25,0.07,0.58,0.29,0,0,0,0,0,0,0,0,0,0,0,0,0,0,0,0,0,0,0.07,0,0,0,0,0,0,0,0,0.319,0.266,0.279,4.689,145,1163
0,0,0,0,0,1.12,0,0,0,1.12,0,0,0,0,0,0,0,1.12,2.24,0,1.12,0,1.12,0,0,0,0,0,0,0,0,0,0,0,0,0,0,0,0,0,0,0,0,0,0,0,0,0,0,0.375,0,0,6.003,0,3.75,14,45
0,0,0,0,0,0,0,0,0,0,0,0,0,0,0,0,0,0,3.38,0,1.69,0,0,0,1.69,1.69,1.69,0,0,0,0,0,0,0,0,0,0,0,1.69,0,0,0,0,0,1.69,0,0,0,0,0.315,0,0,0.63,0,3.083,12,37
0.08,0.08,0.76,0,0.85,1.02,0.25,0.17,0.59,0.08,0.17,0.59,0.17,0,2.21,0.25,0.08,0.93,1.61,0.17,0.42,0,0.85,0.08,0,0,0,0,0,0,0,0,0,0,0,0,0,0,0,0.08,0,0,0.17,0.08,0.08,0.08,0,0,0,0.063,0,0.394,0.114,0.012,7.484,669,1407
0,0,0,0,0.7,0,0,0,0,0,0,0.7,0,0,0,0,0,0,3.52,0,0,0,0,0,0,0,1.4,0,0,0,0,0.7,0,0.7,0,0,0,0,0,0,0,0,0,0,1.4,0,0,0,0,0.1,0,0.1,0,0,1.682,22,69
0,0,0.59,0,0,0,0,0.59,0,0,0,2.99,0,0,0,0,0,0,1.19,0,0,0,0,0,1.19,0.59,0,0,0,0,0.59,0,0,0,0,0,0,0,0,0,0,0,0,0,0,0,0,0,0,0.391,0,0,0,0,1.836,7,90
0,0,2.04,0,0,0,0,0,0,0,0,0,0,2.04,0,0,0,0,2.04,0,2.04,0,0,0,0,0,0,0,2.04,0,0,0,0,0,0,0,0,0,0,0,0,0,0,0,0,0,0,0,0,0,0,0,0,0,1.428,3,20
0.31,0,0.63,0,0.47,0.47,0.15,0.79,0.15,0.63,0.31,1.42,0,0,0,0,1.58,0,2.05,1.58,3.95,0,0.15,0.47,0,0,0,0,0,0,0,0,0,0,0,0,0,0,0,0.15,0,0,0,0,0.15,0,0,0,0,0.076,0,1.3,0.127,0,5.241,97,650
0,0,0,0,0,0,0,0,0,0,0.24,0.72,0.24,0,0,0,0.24,0,0.72,0.24,2.16,0,0.48,0,0,0,0,0,0,0,0,0,0,0,0.24,0,0,0,0,0,0,0,0,0,0,0.24,0,0,0,0.447,0,0.122,0.285,0,3.714,19,286
0,0,0,0,0,0,0,0,0,0,0,0,0,0,0,1.47,0,0,0,0,0,0,0,0,0,0,0,1.47,0,0,0,0,0,0,0,0,0,0,0,0,0,0,0,0,0,0,0,0,0,0.253,0.253,0,0,0,2.352,17,40
0,0,0.28,0,0,0,0,0,0,0,0,0,0,0,0,0,0,0,1.4,0,0.56,0,0,0,3.37,1.4,0.28,0.28,0.28,0.28,0.28,0.28,0,0.28,0.28,0.28,0.56,0,0,0.28,0,0.28,0.56,0,0.28,0,0,0,0,0.14,0.093,0,0,0,2.464,15,207
0,0.22,0.45,0,0.68,0,0.22,0.22,0.9,0.68,0.45,0.9,0,0,0,0.68,0,0.9,3.86,0,1.13,0,0,0.45,0,0,0,0,0,0,0,0,0,0,0,0,0,0.45,0,0,0,0,0,0,0.22,0,0,0,0,0.033,0,1.103,0.133,0.033,7.166,54,430
0.18,0,0.18,0,1.57,0.36,0.06,0.06,0.06,0.12,0.06,0.54,0.3,0.06,0,0,0.72,0.06,4.49,0.24,1.09,0,0.85,0.06,0,0,0,0,0,0,0,0,0,0,0,0,0,0,0,0,0,0,0.06,0,0.06,0,0,0,0.01,0.052,0,0.01,0.167,0,1.736,12,441
0.09,0,0.27,0,0.36,0.09,0,0.18,0.09,0,0,0.73,0,0.36,0,0,0,0,2.01,0,3.38,0,0.36,0.09,0,0,0,0,0,0,0,0,0,0,0,0,0,0,0,0,0,0,0,0,0.27,0,0,0,0.016,0.048,0.032,0.257,0.032,0.032,3.689,69,535
0,0,2.17,0,0,0,0,0,0,0,0,0,0,0,0,0,0,2.17,8.69,0,6.52,0,0,0,0,0,0,0,0,0,0,0,0,0,0,0,0,0,0,0,0,0,0,0,0,0,2.17,0,0,0,0,0,0,0,1.333,3,8
0,0.39,1.18,0,0.39,0,0,0,0,0.78,0.78,0.78,0,0,0.39,3.54,0,0,1.18,0,1.18,0,0,0,0,0,0,0,0,0,0,0,0,0,0,0,0,0,0,0,0,0,0,0,0.39,0,0,0,0,0.064,0,0.843,0.129,0.064,5.87,42,364
0,0,0.66,0,0,0,0,0,0,0,0,0,0,0,0,0,0,0,2.66,0,0,0,0,0,0,0,0,0,0,0,0,0,0,0,0,0,0,0,0,0,0,0,0,0,0.66,0,0,0,0,0.231,0,0.231,0,0,1.761,17,37
0,0.43,0.43,0,0.43,0,0,0,0,0,0,0.43,0,0,0,0.43,0,0.86,1.29,0,0.86,0,0,0,0,0,0,0,0,0,0,0,0,0,0,0,0,0,0,0,0,0,0,0,0,0,0,0,0,0.147,0,0.736,0,0,2.81,61,222
0,0,0,0,0.4,0.4,0.4,0.4,0,0,0.4,0,0,0,0,0.4,0,0,4,0,2,0,0,0.4,0,0,0,0,0,0,0,0,0,0,0,0,0,0,0,0,0,0,0,0,0,0,0,0,0,0,0,0.121,0,0,1.979,12,95
0,0,0,0,1.31,0.65,0,0,0,0.65,0,1.31,0,0,0,0,0,0,3.28,0,0,0,0,0,1.31,0.65,1.97,0.65,0.65,0.65,0.65,0.65,0,0.65,0.65,0.65,0,0,0,0.65,0,0,0.65,0,0.65,0,0,0,0,0.35,0,0.116,0,0,2,12,88
0,0,0,0,0,0,0,0,0,0,0,2.38,0,0,0,0,0,0,2.38,0,2.38,0,0,0,2.38,2.38,0,0,0,0,0,0,0,0,0,0,0,0,0,0,0,0,0,0,0,0,0,0,0,0.404,0,0.809,0.809,0,3,11,27
0,0,0,0,0,0,0,0,0,0,0,4.76,0,0,0,0,0,0,0,0,0,0,0,0,0,0,0,0,0,0,0,0,0,0,0,0,0,0,0,0,0,0,0,0,0,0,0,0,0,0,0,0.769,0,0,1.428,4,10
0,0,1.12,0,0.56,0,0,0,0,0.56,0,0,0,0,0,0.56,0,0,2.25,0,1.12,0,0,0,0,0,0,0,0,0,0,0,0,0,0,0,0,0,0,0,0,0,0,0,0.56,0,0,0,0,0.101,0,0.606,0,0,2.36,19,144
0,0,0,0,0,0,0,0,0,0,0,0,0,0,0,0,0,0,3.19,0,1.06,0,0,0,0,0,0,0,0,0,0,0,0,0,0,0,0,0,0,0,1.06,0,0,0,1.06,1.06,0,0,0,0,0,0.398,0,0,1.181,5,26
0,0,0,0,0,0,0,0,0,0,0,0,0,0,0,0,0,0,0,0,0,0,0,0,2.4,1.2,1.2,1.2,1.2,1.2,1.2,1.2,1.2,1.2,1.2,1.2,0,0,0,1.2,0,0,0,1.2,0,0,0,0,0,0.446,0,0,0,0,2.166,11,39
0,0,0,0,0,0,0,0,0,0.65,0,0,0,0,0,0,0,0,0,0,0.65,0,0,0,0,0,0.65,0,0.65,0,0,0,0.65,0,0,0,0,0,0,0,0,0,0,0,0,0,0,0,0,0.327,0.109,0,0,0.109,3.857,28,162
0,0,0,0,0.59,0,0,0,0,1.18,0,0.59,0,0,0,0,0,0,1.77,0,0,0,0,0,0.59,0.59,0,1.18,0,0,0,0,0.59,0,0,0,0,0,0,0,0,0,0,0,0,0,0,0,0,0.215,0,0.107,0,0,2.741,11,85
0,0,0,0,0,0,0,0,0,0,0,0,0,0,0,0,0,0,0,0,0,0,0,0,0,0,0,0,0,0,0,0,0,0,0,0,0,0,0,0,7.14,0,0,0,0,7.14,0,0,0,0,0,0,0,0,5.5,10,11
0,0,0,0,1.25,0,0,1.25,0,0,0,0,0,0,0,1.25,0,0,0,0,0,0,0,0,0,0,0,0,0,0,0,0,0,0,0,0,0,0,0,0,0,0,0,0,0,0,0,0,0,0.409,0,1.023,1.023,0,3.485,25,122
0,0,0,0,0,0,0,0,0,0,0,0,0,0,0,0,0,0,4.34,0,0,0,0,0,0,0,0,0,0,0,0,0,0,0,0,0,0,0,0,0,0,0,0,0,0,2.89,0,0,0,0.188,0,0.564,0,0,1,1,14
0,0,0,0,0,0,0,0,0,0,0,0,0,0,0,0,0,0,4,0,0,0,0,0,0,0,0,0,0,0,0,0,0,0,0,0,0,0,0,0,0,0,0,0,0,0,0,0,0,0,0,0,0,0,2.363,11,26
0,0,0,0,0,0,0,0,0,0,0,0.92,0,0,0,0,0,0.92,3.7,0,0.92,0,0,0,0,0,0,0,0,0,0,0,0,0,0,0,0,0,0,0,0,0,0,0,0.92,1.85,0,0,0,0.295,0,0,0,0,2.535,12,71
0,0.53,0.53,0,0.8,0,0.26,0.26,0,0.26,0,0.53,0.53,0.53,0,0,0,0,2.15,0.26,0.8,0,0,0,0.26,0.26,0,0,0,0,0,0,0.53,0,0,0,0,0,0,0,0,0,0,0,0,0,0,0,0,0,0,0,0.04,0,2.779,21,164
0,0,0.36,0,0.73,0,0,0,0,0,0,0.36,0.18,0,0,0.36,0,0,1.28,0,0.36,0,0,0,0.36,1.28,0,0,0,0,0,0,0,0,0,0,0.36,0,0,0,0,0,0.18,0,0.18,0,0,0,0.027,0,0,0.055,0,0,3.176,51,270
0,0,0,0,0,0,0,0,0,0,0,0,0,0,0,0,0,0,1.57,0,0.78,0,0,0,0,0,0,0,0,0,0,0,0,0,0,0,0,0,0,0,0,0,0,0.78,0.78,0.78,0,0,0,0,0,0,0,0,2.848,51,94
0,0,0,0,0,0,0,4.23,0,0,0,0,0,0,0,0,0.84,0,0,0,0,0,0,0,0,0,0,0,0,0,0,0,0,0,0,0,0.84,0,0.84,0,1.69,0,0.84,0,0.84,1.69,0,0,0,0,0.126,0,0,0,1.605,12,61
0,0,0.29,0,0,0,0,0,0,0,0,0,0,0,0,0,0,0,0,0,0,0,0,0,0,0,0,0,0,0,0,0,0,0,0,0,0,0.29,0,0,0,0,0,0,0.29,0,0,0,0.1,0.353,0.05,0,0,0,1.227,4,27
0,0,0,0,0,0,0,0,0,0,0,0.37,0.37,0,0,0,0,0,1.49,0,0,0,0,0,0,0,0,0,0,0,0,0,0,0,0,0.37,0,0,0,0,0.37,0,0,0,1.11,0.37,0,0,0,0.131,0,0,0,0,1.488,5,64
2,0,0,0,0,0,0,0,0,0,2,2,0,0,0,0,0,0,2,0,8,0,0,0,0,0,0,0,0,0,0,0,0,0,0,0,0,0,0,0,0,0,0,0,0,0,0,0,0,0,0,0,0,0,5.888,29,53
0,0,0,0,0,0,0,0,0,0,0,0,2.22,0,0,0,0,0,4.44,0,0,0,0,0,0,0,8.88,0,0,0,0,0,0,0,0,0,2.22,0,0,0,0,0,0,0,2.22,0,0,0,0,0,0,0,0,0,1.3,5,26
0.1,0.3,0.4,0,0.2,0.9,0.2,0.5,0.8,0.8,0.2,0.8,0,0,1.5,0,0.2,1.6,2.2,0.2,1,0,0.1,0.2,0,0,0,0,0,0,0,0,0,0,0,0,0,0,0,0,0,0,0.2,0,0,0,0,0,0,0.175,0,0.307,0.175,0.014,6.937,669,1214
0.56,0,0.84,0,0.28,0.84,0,0.84,0.28,0.28,0.28,1.41,0,0,0,0,1.41,0,0.84,1.98,2.83,0,0.28,0.84,0,0,0,0,0,0,0,0,0,0,0,0,0,0,0,0,0,0,0,0,0,0,0,0,0,0.129,0,1.294,0.043,0,3.979,47,386
0,0,0,0,0,0,0,2.2,0,0,1.47,0.73,0,0,0,2.94,0,0,5.14,0,0.73,0,0,0,0,0,0,0,0,0,0,0,0,0,0,0,0,0,0,0,0,0,0,0,0,0,0,0,0,0,0,0,0,0,1.6,8,48
0,0,0,0,0,0.18,0,0,0,0,0,0,0,0,0,0,0,0,0,0,0,0,0,0,1.12,1.3,0,0,0,0,0,0,0,0,0,0.18,0.93,0,0.18,0,1.3,0,0,0,0,1.49,0,0,0.182,0.339,0.13,0,0,0,3.628,44,479
0.18,0,0.18,0,1.57,0.36,0.06,0.06,0.06,0.06,0.06,0.54,0.3,0.06,0,0,0.72,0.06,4.41,0.24,1.08,0,0.84,0.06,0,0,0,0,0,0,0,0,0,0,0,0,0,0,0,0,0,0,0.06,0,0,0,0,0,0.01,0.052,0,0.01,0.169,0,1.766,12,447
0,0,0,0,0,0,0,0,0,0,0,0,0,0,0,2.22,0,0,2.22,2.22,0,0,0,0,0,0,2.22,0,0,0,0,0,0,0,0,0,0,0,0,0,0,0,0,0,0,0,0,0,0,0,0.374,0,0,0,1.583,8,19
0,0,0,0,0,0,0,0,0,0.67,0,0.67,0.67,0,0,0,0,0,2.68,0,0,0,0,0,2.68,1.34,2.01,0.67,0.67,0.67,0.67,0.67,0,0.67,0.67,0.67,0.67,0,0.67,0.67,0,0,0.67,0,1.34,0,0,0,0.107,0.537,0,0,0,0,2.604,17,112
0,0.33,0.33,0,1.65,0.33,0.66,0,0,0.16,0.16,0.99,0,0,0,0.82,0.33,0.16,2.81,0,0.99,0,0.49,0.33,0,0,0,0,0,0,0,0,0.16,0,0,0,0,0,0,0,0,0,0,0,0,0,0,0,0,0.024,0.074,0.248,0.049,0.049,6.161,350,727
0,0,0,0,0,0,0,0,0.91,0,0,0,0,0,0,0,0,0,0.91,0,2.75,0,0,0,0,0,0,0,0,0,0,0,0,0,0,0,0,0,0,0,0,0,0,0,0,0,0,0,0,0.133,0,0.532,0,0,2.9,28,87
0.74,0,0,0,0.74,0,0.74,0,0.74,0,0,0,0,0,0,0,0,0,0,0,1.49,0,0,0,0,0,0,0,0,0,0,0,0,0,0,0,0,0,0,0.74,0,0,0,0,0,0,0,0,0,0,0,0.467,0.233,0,1.846,12,72
0,0,0,0,0,0.05,0,0.34,0,0,0.11,0.81,0.05,0.11,0,0,0.75,0,0,0,0,0,0.05,0,1.16,0,0,0,0,0,0,0,0.05,0,0,0.23,0.05,0,0,0,0,0,0,0,0,0,0,0,0.283,0.107,0,0,0.053,0,1.864,32,910
0,0.35,0.35,0,1.07,0,0,0.35,0,1.07,0,0.71,0,0,0,0,0.71,0.71,2.85,0,2.5,0,1.42,0,0,0,0,0,0,0,0,0,0,0,0,0,0,0,0,0.35,0,0,0,0,0.35,0,0,0,0,0.24,0,0.24,0.24,0,3.414,25,140
0,0,1.31,0,0,0,0,0,0,0,0,1.31,0,0,0,0,0,0,1.31,0,5.26,0,0,1.31,0,0,0,0,0,0,0,0,0,0,0,0,0,0,0,0,0,0,0,0,0,0,0,0,0,0,0,0,0.212,0,4.818,25,53
0.59,0.09,0.09,0,0.29,0.09,0,0.59,0.59,2.09,0.29,0.09,0.29,0,0.39,0.09,0.79,0.39,3.19,0.09,1.69,0,1.39,0.99,0,0,0,0,0,0,0,0,0,0,0,0.09,0,0,0.09,0,0,0,0,0,0.19,0,0,0,0.044,0.078,0,0.334,0.133,0.011,15.493,1171,2541
0,0,0,0,0,0,0,0,0,0,0,2.18,0,0,0,0,0,0,1.45,0,0,0,0,0,2.18,0,0,0.72,0,0,0,0,0,0,0,0,0,0,0,0,0,0,0,1.45,0,0,0,0,0,0.122,0,0,0,0,1.785,18,75
0,0.23,0,0,0,0.23,0,0.46,0,0,0,0.92,0,0,0.23,0,0,0.23,0.23,0,0,0,0,0,1.15,0.92,0,0,0,0.23,0,0,0.23,0,0,0.23,0.23,0,0,0,0,0.23,0.23,0,0,0.23,0,0,0.063,0.063,0,0.159,0,0,1.616,13,173
0,0.55,0.55,0,1.1,0.55,2.2,0,0,0.55,0,0.55,0,0,0,0,0,0.55,3.31,0,1.1,0,0,0,0,0,0,0,0,0,0,0,0,0,0,0,0,0,0,0,0,0,0,0,0.55,0,0,0,0,0.165,0,0.496,0,0.082,16.826,148,387
0,0,0.52,0,0.52,0,0,0.52,0,0,0,1.05,0,0,2.11,0,0.52,0.52,2.64,0,2.64,0,1.58,0,0,0,0,0,0,0,0,0,0,0,0,0,0,0,0.52,0.52,0,0,0,0,0,0,0,0,0,0.19,0,0.095,0.475,0,5.038,60,131
0,0.47,0,0,0,0.47,0,0,0.23,0.23,0,1.19,0.47,0,0,0.23,0,0.47,2.63,0,0.47,0,0,0.23,0,0,0,0,0,0,0,0,0,0,0.23,0,0.23,0,0,0,0,0,0,0,0,0,0,0,0,0,0,0.327,1.357,0.046,5.769,72,450
0,0,0,0,0,0,0,0,0,0,0,0,0,0,0,0,0,0,2.77,0,0,0,0,0,0,0,0,0,0,0,0,0,0,0,0,0,0,0,0,0,0,0,0,0,0.69,0,0,0,0,0,0,9.575,0,0,1.387,5,43
0,0,0,0,0,0,0,0,0,1.47,0,1.47,0,0,0,0,0,0,7.35,0,1.47,0,0,0,0,0,0,0,0,0,0,0,0,0,0,0,0,0,0,0,0,0,0,0,0,0,0,0,0,0,0,0,0,0,2.769,15,36
0,0,0,0,2.38,0,0,0,0,0,0,0,0,0,0,0,0,0,0,0,0,0,0,0,0,0,0,0,0,0,0,0,0,0,0,0,0,0,2.38,0,0,4.76,0,0,0,0,0,0,0,0,0,0,0,0,2.111,6,19
0,0,0,0,0,0,0,0,0,0,0,0,0,0,0,0,0,0,0,0,0,0,0,0,0,0,0,0,0,0,0,0,0,0,0,0,0,0,0,0,0,0,0,16.66,0,0,0,0,0,0,0,0,0,0,1.5,3,6
0.08,0.08,0.76,0,0.85,1.02,0.25,0.17,0.59,0.08,0.17,0.59,0.17,0,2.21,0.25,0.08,0.93,1.61,0.17,0.42,0,0.85,0.08,0,0,0,0,0,0,0,0,0,0,0,0,0,0,0,0.08,0,0,0.17,0.08,0.08,0.08,0,0,0,0.063,0,0.394,0.114,0.012,7.484,669,1407
0,0.63,0,0,1.27,0,0,0,0,0,0,1.27,0,0,0,0,0,0.63,3.18,0,0.63,0,0,0,0,0,1.27,1.27,0,0,0,0.63,0,0.63,0,0,0,0,0,0,0,0,0,0,2.54,0,0,0,0,0.218,0,0,0,0,2.215,22,113
0,0,0,0,1.52,0,2.29,0,0,0,0,0,0,0,0,0,0.76,0.76,0.76,0,2.29,0,0,0,0,0,0,0,0,0,0,0,0,0,0,0,0,0,0,0,0,0,0,0,0,0,0,0,0,0,0,0,0,0,3.85,19,77
0,0,0,0,0,0,0,0,0,0,0,0,0,0,0,0,0,0,0,0,0,0,0,0,0,0,1.2,0,0,0,0,0,0,0,0,0,0,0,0,0,0,0,0,0,0,0,0,0,0,1.336,0,0,0,0,3.38,7,71
0,0,0,0,0,0,0,0,0,0,0,0,0,0,0,0,0,0,0,0,0,0,0,0,9.52,4.76,4.76,4.76,4.76,4.76,4.76,4.76,0,4.76,4.76,4.76,0,0,0,4.76,0,0,0,0,0,0,0,0,0,1.257,0,0,0,0,3.333,11,30
0,0,0,0.15,0.46,0,0,0.15,0,0,0,0.92,0,0.15,0,0,0.46,0,0,0,0,0,0,0,2.15,0.3,0,0,0.3,0.92,0,0,0,0,0,0.3,0.15,0,0,0,0,0,0,0,0.15,0,0,0,0,0.085,0,0,0,0,1.535,6,238
0,0,0,0,0,0,0,0,0,0,0,0,0,0,0,0,0,0,0,0,0,0,0,0,0.72,0,0,0,0,0,0,0,0,0,0,0,1.45,0,0,0,0,0,0,0,0,0,0,0,0,0,0,0,0,0,1.481,5,40
0,0,0.74,0,0,0,0,0,0,0,0,0,0,0,0,0,0,0.74,0,0,0,0,0,0,2.99,1.87,0,1.87,0,0.74,0.74,0,0,0,1.49,0.74,0.37,0,0,0,0,0,0.37,0,0,0,0,0,0,0.131,0.043,0.043,0,0,2.468,15,195
0,0,0,0,0,0,0,0,0,0,0,0,0,0,0,0,0,0,1.61,0,0,0,0,0,1.61,0,0,0,0,0,0,0,0,0,0,0,0,0,0,0,0,0,0,0,1.61,0,0,0,0,0.294,0,0,0,0,1.25,2,15
0,0,0,0,0,0,0,0,0,0,0,0,0,0,0,0,0,2.77,0,0,0,0,0,0,5.55,2.77,0,2.77,0,2.77,2.77,0,0,0,2.77,2.77,0,0,0,0,0,0,0,0,0,0,0,0,0,0.218,0,0.218,0,0,1.687,10,27
0,0,0,0,0,0,0,0,0,0,0,0,0,0,0,0,0,0,7.31,0,0,0,0,0,0,0,0,0,0,0,0,0,0,0,0,0,0,0,0,0,0,0,0,0,0,0,0,0,0,0,0,0,0,0,1.714,4,12
0,0,0,0,0.96,0,0.96,0,0,0.48,0.48,0.96,0,0,0,1.44,0,0,3.36,0,0.96,0,0,0,0,0,0,0,0,0,0,0,0,0,0,0,0,0,0,0,0,0,0,0,0,0,0,0,0,0.149,0,0.149,0.074,0,2.586,44,150
0,0,0,0,0,0,0,0,0,0,0,0,0,0,0,0,0,0,0,0,0,0,0,0,0,0,0,0,0,0,0,0,0,0,0,0,0,0,0,0,0,0,0,0,0,0,0,0,0,0,0,0,0,0,1,1,4
0,0,0,0,0,0,0,0,0,0,0,0,0,0,0,0,0,0,0,0,0,0,0,0,0,0,20,0,0,0,0,0,0,0,0,0,0,0,0,0,0,0,0,0,0,0,0,0,0,0,0,0,0,0,1,1,5
0,0,0,0,0,0,0,0,0,0,0,0,0,0,0,0,0,0,2.13,0,0,0,0,0,0,0,0,0,0,0,0,0,0,0,0,0,0.85,0,0.42,0,0,0,0,0,0.85,3.84,0,0,0,0,0,0,0,0,2.769,15,180
0,0,1.33,0,0,0,0,0,0.66,0,0,0,0,0,0,0,0,0,0,0,1.33,0,0,0,2,1.33,2,0.66,0.66,0.66,0.66,0.66,0,0.66,0.66,0.66,0,0,0.66,0.66,0,0,0.66,0,0.66,0,0,0,0.3,0.2,0.1,0,0,0,1.979,12,97
0,0,0,0,0.52,0,0.26,0.52,0,0.26,0.26,0.52,0,0,0,0.26,1.56,0.26,1.82,2.08,0.26,0,0,0,0,0,0,0,0,0,0,0,0,0,0,0,0,0,0,0,0,0,0,0,0,0,0,0,0,0.073,0,0.813,0.036,0.147,2.145,38,339
0,0,0,0,0,0,0,0,0,0,0,0,0,0,0,0,0,0,0,0,0,0,0,0,0,0,20,0,0,0,0,0,0,0,0,0,0,0,0,0,0,0,0,0,0,0,0,0,0,0,0,0,0,0,1,1,5
0,0,0,0,0,0,0,0,0,0,0,0,2.94,2.94,0,0,0,0,0,0,0,0,0,0,0,0,0,0,0,0,0,0,0,0,0,0,0,0,0,0,0,0,0,0,0,0,0,0,0,0,0,0,0,0,1.6,5,16
0,0,0.44,0,0,0,0,0,0,0,0,0.44,0,0,0,0,0,0,0,0,0,0,0,0,1.76,1.76,0,0,0,0,0,0,0,0,0,0,0.88,0,0.88,0,0,0,0.44,0,0,0,0,0.44,0,0,0.061,0,0,0,1.949,17,230
0.81,0,0.81,0,0.81,0,0,0,0,0,0,0.81,0,0,0,0,0,0,1.62,0,1.62,0,0,0,0.81,0,0,0,0,0,0,0,0,0,0.81,0,0,0,0,0,0,1.62,0,0,0,0,0,0,0,0.123,0,0.37,0,0,5.375,69,129
0,0,0,0,0.21,0,0,0,0,0,0,0,0,0,0,0,0,0,0,0,0,0.21,0,0,0,0,0,0,0,0,0,0,0,0,0,0,0,0,0,0,0,0,0,0,0,0,0,0,0,0.205,0,0.034,0,0,3.168,15,339
0,0,0.18,0,0.56,0,0,0,0,0,0,0.75,0.37,0,0,0,0,0,0,0,0,0,0,0,3.03,0,0,0,0,0,0,0,0,0,0,0.18,0.18,0,0,0,0,0,0.18,0,0.18,0,0,0,0,0.056,0,0,0.112,0,2.188,19,232
0,0,0,0,0,0,0,0,0,0,0,0,0,0,0,0,0,0,3.03,0,0,0,0,0,0,0,3.03,0,0,0,0,0,0,0,0,0,3.03,0,3.03,0,0,6.06,3.03,0,0,0,0,0,0,0,0,0,0,0,2,12,42
0.08,0.08,0.35,0,1.52,0.17,0.08,0,0.35,0.17,0,1.43,0,0.08,0,0.53,0.08,0,3.58,0,0.89,0,0.08,0.17,0,0,0,0,0,0,0,0,0,0,0,0,0,0,0,0,0,0,0,0,0,0,0,0,0,0.054,0.068,0.369,0.109,0.027,4.896,119,1278
0,0,0,0,0,0,0,0,0,0,0,0,0,0,0,0,0,0,0,0,0,0,0,0,0,0,2,0,2,0,0,0,2,0,0,0,0,0,0,0,0,0,0,0,0,0,0,0,0,0.337,0,0,0,0.337,2.95,7,59
0,0,0.32,0,0.65,0.65,0.32,0.32,0,0,0,0.32,0.32,0,0,0.32,0.32,0,2.28,0,3.26,0,0,0.32,0,0,0,0,0,0,0,0,0,0,0,0,0,0,0,0,0,0,0,0,0.32,0,0,0,0,0.105,0,0,0.158,0,1.494,10,139
0,0,0,0,0,0,0,0,0,0,0,0.42,0,0,0,0.42,0,0.42,2.12,0,0.42,0,0,0,1.7,0.42,0.85,0.85,0.42,1.7,0.42,0.85,0,0.85,0.42,0.42,0.85,0,0.85,0.42,0,0.42,0.85,0,0.85,0,0,0,0,0.403,0.134,0.134,0,0,2.202,17,163
0,0,0.9,0,0,0,0,0,0,0,0,0,1.36,0,0,0,0,0,3.63,0,0.9,0,0,0.45,0,0,0,0,0,0,0,0,0,0,0,0,0,0,0,0,0,0,0,0,0.45,0.45,0,0,0,0.155,0,0.077,0,0,1.545,15,68
0,0,0,0,0,0,0,0,0,0,0,0,0,0,0,0,0,0,0,0,0,0,0,0,0,0,20,0,0,0,0,0,0,0,0,0,0,0,0,0,0,0,0,0,0,0,0,0,0,0,0,0,0,0,1,1,5
0.89,0,0,0,1.49,0.29,0,0,0,0,0,1.19,0,0,0,0,0,0,0.89,0,0.89,0,0,0,0,0,0.29,0,0,0,0,0,0.29,0,0,0,0,0,0.29,0,0,0.59,0,0.59,0,0,0,0,0.325,0.162,0,0,0,0,1.583,9,76
0,0,0,0,0,0,0,0,0,0,0,0,0,0,0,0.41,0,0.41,1.23,0,0.41,0,0,0,0,0,0,0,0,0,0,0,0,0,0,0,0,0,0,0,0,0,0,0,0.82,0,0,0,0,0.229,0,0.114,0,0.057,5.196,70,265
0.35,0.1,0.55,0,2.15,0.15,0,0,0.1,0.75,0.35,0.85,0.25,0,0,0.15,0.3,0,5,0,1.75,0,0.05,0.8,0,0,0,0,0,0,0,0,0,0,0,0,0,0,0,0,0,0,0,0,0.2,0,0,0,0.008,0.035,0,0.149,0.131,0.008,3.629,127,617
0.36,0,1.09,0,0,0,0,0,0,0,0,0.72,1.81,0,0,0,0,0,0.72,0,1.09,0,0,0.72,0,0,0,0,0,0,0,0,0,0,0,0,0,0,0,0,0,0,0,0,0,0,0,0,0.063,0.126,0,0.063,0.126,0,2.562,35,123
0.72,0,0,0,1.45,0.72,0.72,0,0,1.45,0,0,0,0,0,0,0,0,1.45,0,0,0,0,0,0,0,0,0,0,0,0,0,0,0,0,0.72,0,0,0,0,0,0,0,0,0,0,0,0,0,0.404,0,0.134,0,0,3.066,14,92
0,0,0,0,0,0,0,0,0,0,0,0,0,0,0,1.05,1.05,0,3.15,0,2.1,0,0,0,0,0,0,0,0,0,0,0,0,0,0,0,0,0,0,0,0,0,0,0,1.05,0,0,0,0,0.365,0,0.365,0.182,0,3.343,28,107
0,0.99,0,0,0.49,0,0,0.49,0,0,0,0.49,0,0,0,0,0,1.98,2.97,0,1.48,0,0,0,0,0,0,0,0,0,0,0,0,0,0,0.49,0,0,0,0,0,0,0,0,0,0,0,0,0,0,0,0.081,0,0,1.348,4,58
0,0,0,0,0,0.27,0,0,0.82,0,0,0.27,0,0,0,0,0,0,0,0,0,0,0,0,0,0,0,0.54,0,0,0,0,0,0,0,0.54,0,0,0.54,0,0,0,0,0,0,0,0,0,0.037,0.226,0,0.037,0,0,2.666,33,208
0,0.33,0.33,0,0.66,0,0,0.33,0,0.33,0,0.33,0,0,0,0.66,1,0,1,0,0.66,0,0,0,0,0,0,0,0,0,0,0,0,0,0,0,0,0,0,0.33,0,0,0,0,0,0,0,0,0,0,0,0.109,0,0.054,2.825,34,113
0,0,1.28,0,0,0,0,0,0,0,0,1.28,0,0,0,0,0,0,2.56,0,0,0,0,0,2.56,1.28,0,0,0,0,0,0,2.56,0,0,0,1.28,0,0,0,0,3.84,0,0,0,0,0,0,0,0.148,0.148,0,0,0,2.034,13,59
0,0.46,0.46,0,0.46,0.46,0.46,0,0,0,0.46,0.46,0,0,0,0.92,0,0.92,2.76,0,1.38,0,0.46,0,0,0,0,0,0,0,0,0,0,0,0,0,0,0,0,0.46,0,0,0,0,0.46,0,0,0,0,0,0,0.298,0.223,0,2.156,13,110
0,0,0,0,0,0,0,0,0,0,0,1.14,0,0,0,0,0,0,2.29,0,0,0,0,0,1.14,1.14,0,0,0,0,1.14,0,0,0,0,0,0,0,0,0,0,0,0,2.29,0,0,0,0,0,0,0,0.596,0,0.198,2.133,14,64
0,0,0,0,0,0,0,0,0,0,0,0,0,0,0,0,0,0,0,0,0,0,0,0,0,0,0,0,0,0,0,0,8.33,0,0,0,0,0,0,0,0,0,0,0,0,0,0,0,0,0.687,0,0,0,0,1.903,17,59
0,0,0,0,0,0.25,0,1,0,0,0,0.25,0,0,0,0,0,0.25,0,0,0,0,0,0,0.75,0.25,0,0,0,1,0,0,0,0,0,0.25,1.25,0,0,0,0,0,0,0,0,0.5,0,0,0,0.153,0,0,0,0,1.958,26,329
0,0,0,0,0,0,0,0,0,0,0,2.38,0,0,0,0,0,1.19,2.38,0,1.19,0,0,0,0,0,0,0,0,0,0,0,0,0,0,0,0,0,0,0,0,3.57,0,0,0,0,0,0,0,0.395,0,0,0.197,0,1.428,4,30
0,0,0.25,0,0.25,0,0,0,0,0,0,0,0,0,0,0,0,0,2.05,0,0.51,0,0,0,0,0,0,0,0,0,0,0,0,0,0,0,0,0,0,0,0,0,0,0,0.76,0.25,0,0,0,0.094,0,0.047,0,0,1.884,51,147
0,0,0,0,0,0,0,0,0,0.33,0,0,0,0,0,0,0,0,2.34,0,0.33,0,0,0,0,0,0,0,0,0,0,0,0,0,0,0,0,0,0,0,0,0,0,0,0.33,0.33,0,0,0,0.06,0,0.302,0,0,1.562,14,100
0,0,0.74,0,0,0,0.74,0,0,0,0,0,0,0,0,2.22,0,0,1.48,0,1.48,0,0,0,0,0,0,0,0,0,0,0,0,0,0,0,0,0,0.74,0,0,0,0,0,0,0,0,0,0,0,0,0.088,0,0,3.048,29,125
0.26,0.05,1.45,0,0.37,0.1,0,0,0.1,0.1,0.21,1.07,0,0,0,0,0,0,3.38,0,1.39,0,0,0.32,0,0,0,0,0,0,0,0,0,0,0,0,0,0,0,0,0,0,0,0,0.05,0,0,0,0,0.076,0,0.262,0.186,0.025,11.793,289,2288
0.42,0,0.42,0,0.21,0,0,0,0,0,0,0.21,0,0,0,0,0,0,1.91,0,0.42,0,0,0,0,0,0,0,0,0,0,0,0,0,0,0,0,0,0,0,0,0,0,0,0.21,0,0,0,0.04,0.04,0,0,0,0,2,3,14
0,14.28,0,0,0,0,0,0,0,0,0,0,0,0,0,0,0,0,0,0,0,0,0,0,0,0,0,0,0,0,0,0,0,0,0,0,0,0,0,0,0,0,0,0,0,0,0,0,0,0,0,0,0,0,1.8,5,9
0,0,0,0,0,0,0,0,0,0,0,0,0.97,0,0,0,0,0,4.85,0,0,0,0,0,0,0,0,0,0,0,0,0,0,0,0,0,0,0,0,0,0,0,0,0,0,0.97,0,0,0,0,0,0,0,0,3.391,47,78
0,0,0.53,0,0.53,0,0,0.53,0,1.07,1.07,0,0,0,0,1.07,0,0,3.76,0,1.07,0,0,0,0,0,0,0,0,0,0,0,0,0,0,0,0,0,0,0,0,0,0,0,0.53,0,0,0,0,0.294,0,0.367,0,0,2.161,21,67
0,0,0,0,0,0,0,0,0,0,0,0,0,0,0,0,0,0,0,0,0,0,0,0,0,0,20,0,0,0,0,0,0,0,0,0,0,0,0,0,0,0,0,0,0,0,0,0,0,0,0,0,0,0,1,1,5
0,0,0.3,0,0.3,0.91,0,0.3,0,0,0,0.3,0.3,0,0,0.3,0.3,0.3,2.12,0,3.03,0,0,0.3,0,0,0,0,0,0,0,0,0,0,0,0,0,0,0,0,0,0,0,0,0.3,0,0,0,0,0.211,0,0,0.211,0.052,1.745,11,185
0,0,0,0,0.47,0,1.43,0,0,0,0.47,0.47,0,0,0,0.47,0,1.91,1.91,0.47,1.43,0,0,0,0,0,0,0,0,0,0,0,0,0,0,0,0,0,0,0,0,0,0,0,0,0,0,0,0,0,0,0.073,0.295,0,3.361,54,158
0.09,0,0.48,0,0,0.29,0,0,0,0.09,0,0,0.19,0,0,0.09,0.19,0.58,1.35,0,0.38,0,0,0,0,0,0,0,0,0,0,0,0,0,0,0,0,0,0,0,0,0,0,0,0.38,3.1,0,0,0.015,0.03,0,0,0.046,0,1.722,17,267
0.13,0.06,0,0,0.13,0.13,0,0,0.13,0.27,0.06,0.41,0.06,0,0,0.27,0.06,0,1.04,0.13,0.83,0,0,0.06,1.46,0.48,0,0.13,0,0.06,0.27,0,0,0,0.13,0,0.2,0,0,0,0,0,0,0,0.06,0,0,0.48,0,0.194,0,0.029,0.048,0.009,1.793,23,888
0.28,0.28,0.56,0,0.28,0.28,0,1.4,0.28,0.84,0.28,0.56,0,0,0,0,1.4,0.56,1.69,1.97,3.09,0,0,0,0,0,0,0,0,0,0,0,0,0,0,0,0,0,0,0.28,0,0,0,0,0,0,0,0,0,0.284,0,1.282,0.094,0,3.725,63,339
0,0.28,0,0,1.4,0,0.28,0.28,0,0.56,0,0.84,0,0,0,0.28,0,0,1.68,0,1.96,0,0,0,0,0,0,0,0,0,0,0,1.4,0,0,0,0,0.28,0,0,0,0,0,0.28,0.28,0,0,0,0,0.137,0.068,0.034,0,0,5.635,114,603
0,0,0,0,0,0,0,0,0.93,0,0,0,0,0,0,0,0,0,0.93,0,3.73,0,0,0,0,0,0,0,0,0,0,0,0,0,0,0,0,0,0,0,0,0,0,0,0,0,0,0,0,0.14,0,0.561,0,0,2.166,23,65
0,0,0,0,0,0,0,0,0,0,0,0,0,0,0,0,0,0,0,0,0,0,0,0,0,0,14.28,0,0,0,0,0,0,0,0,0,0,0,0,0,0,0,0,0,0,0,0,0,0,1.754,0,0,0,0,1,1,7
0,0,0,0,0,0,0,0,0,0,0,0,0,0,0,0,0,0,0,0,0,0,0,0,14.28,0,0,0,0,0,0,0,0,0,0,0,0,0,0,0,0,0,0,0,0,0,0,0,0,0,0,0,0,0,2.777,14,25